-- phpMyAdmin SQL Dump
-- version 4.8.3
-- https://www.phpmyadmin.net/
--
-- Host: 127.0.0.1
-- Generation Time: Dec 05, 2018 at 02:23 AM
-- Server version: 10.1.35-MariaDB
-- PHP Version: 7.2.9

SET SQL_MODE = "NO_AUTO_VALUE_ON_ZERO";
SET AUTOCOMMIT = 0;
START TRANSACTION;
SET time_zone = "+00:00";


/*!40101 SET @OLD_CHARACTER_SET_CLIENT=@@CHARACTER_SET_CLIENT */;
/*!40101 SET @OLD_CHARACTER_SET_RESULTS=@@CHARACTER_SET_RESULTS */;
/*!40101 SET @OLD_COLLATION_CONNECTION=@@COLLATION_CONNECTION */;
/*!40101 SET NAMES utf8mb4 */;

--
-- Database: `write_c`
--

-- --------------------------------------------------------

--
-- Table structure for table `arrest_complaint_category`
--

CREATE TABLE `arrest_complaint_category` (
  `id` int(11) NOT NULL,
  `category_name` varchar(100) NOT NULL
) ENGINE=InnoDB DEFAULT CHARSET=utf8;

--
-- Dumping data for table `arrest_complaint_category`
--

INSERT INTO `arrest_complaint_category` (`id`, `category_name`) VALUES
(1, 'ASSAULT: 3,2,1'),
(2, 'BURGLARY'),
(3, 'CRIMINAL CONTEMPT'),
(4, 'CRIMINAL MISCHIEF'),
(5, 'CRIMINAL TRESPASS'),
(6, 'CRIMINAL POSSESION OF MARIJUANA'),
(7, 'DISORDERLY CONDUCT – VIOLATION -240.20 PENAL LAW'),
(8, 'D O A'),
(9, 'DWI'),
(10, 'HARASSMENT'),
(11, 'LARCENY'),
(12, 'MENACING'),
(13, 'OPEN CONTAINER OF ALCOHOL- 10-125 (2B) AC'),
(14, 'PETIT LARCENY'),
(15, 'RECKLESS ENDANGERMENT'),
(16, 'RAPE/SODOMY'),
(17, 'ROBBERY'),
(18, 'SUSPENDED LICENCE / 511'),
(19, 'MARIJUANA POSSESSION- 221.05 PL'),
(20, 'URINATION IN PUBLIC- 153.09 HC'),
(21, 'TRANSIT');

-- --------------------------------------------------------

--
-- Table structure for table `arrest_complaint_details`
--

CREATE TABLE `arrest_complaint_details` (
  `id` int(11) NOT NULL,
  `arrest_complaint_category_id` int(11) NOT NULL,
  `arrest_complaint_details` text NOT NULL
) ENGINE=InnoDB DEFAULT CHARSET=utf8;

--
-- Dumping data for table `arrest_complaint_details`
--

INSERT INTO `arrest_complaint_details` (`id`, `arrest_complaint_category_id`, `arrest_complaint_details`) VALUES
(1, 1, '<strong><span style=\"font-size:11.0pt;mso-bidi-font-size:12.0pt;color:red;font-weight:normal;\r\nmso-bidi-font-weight:bold\"><font color=\"#000000\">ASSAULT: 3</font><span style=\"mso-tab-count:1\">&nbsp;&nbsp; </span></span></strong><strong><span style=\"font-size:11.0pt;mso-bidi-font-size:12.0pt;font-weight:normal;\r\nmso-bidi-font-weight:bold\">AT T/P/O C/V STATES THAT PERP W/ INTENT TO CAUSE A\r\nPI DID (STATE ACTION- PUNCH, KICK, SLAP) C/V CAUSING (STATE INJURY- BLACK EYE,\r\nSWELLING, PAIN), TO (PART OF BODY) RESULTING IN A PI. (SHORT DESCRIPTION OF\r\nREASON IF ANY). C/V RMA OR REMOVED TO (HOSPITAL NAME). SGT. __ PRESENT AT\r\nSCENE. PHOTOS TAKEN (VOUCHER #).</span></strong>'),
(2, 1, '<strong><span style=\"font-size:11.0pt;mso-bidi-font-size:12.0pt;color:red;font-weight:normal;\r\nmso-bidi-font-weight:bold\"><font color=\"#000000\">ASSAULT: 2</font><span style=\"mso-tab-count:1\">&nbsp;&nbsp; </span></span></strong><strong><span style=\"font-size:11.0pt;mso-bidi-font-size:12.0pt;font-weight:normal;\r\nmso-bidi-font-weight:bold\">AT T/P/O C/V STATES THAT PERP W/ INTENT TO CAUSE A\r\nPI/SPI DID (STATE ACTION, HIT C/V WITH A DW OR DI) CAUSING (STATE INJURY-\r\nBROKEN NOSE, LACERATION) TO (PART OF BODY) RESULTING IN A PI/SPI. (SHORT\r\nDESCRIPTION OF REASON). C/V RMA OR REMOVED TO (HOSPITAL NAME). SGT. __ PRESENT\r\nAT SCENE. PHOTOS TAKEN (VOUCHER #). PDU NOTIFIED.</span></strong>'),
(3, 1, '<strong><span style=\"font-size:11.0pt;mso-bidi-font-size:12.0pt;color:red;font-weight:normal;\r\nmso-bidi-font-weight:bold\"><font color=\"#000000\">ASSAULT: 1</font><span style=\"mso-tab-count:1\">&nbsp;&nbsp; </span></span></strong><strong><span style=\"font-size:11.0pt;mso-bidi-font-size:12.0pt;font-weight:normal;\r\nmso-bidi-font-weight:bold\">AT T/P/O C/V STATES THAT PERP W/ INTENT TO CAUSE A\r\nSPI DID (STATE ACTION, STAB, SHOOT, ETC.) CAUSING (STATE SPI) TO (PART OF BODY)\r\nRESULTING IN A SPI. (SHORT DESCRIPTION OF REASON IF ANY). C/V REMOVED TO\r\n(HOSPITAL NAME). SGT. ___ &amp; DET.___PRESENT AT SCENE. PHOTOS TAKEN (VOUCHER\r\n#). PDU NOTIFIED.</span></strong>'),
(4, 2, '<strong><span style=\"font-size:11.0pt;mso-bidi-font-size:12.0pt;font-weight:normal;\r\nmso-bidi-font-weight:bold\">AT T/P/O, C/V STATES THAT ABOVE, (UNK) PERP(S)\r\nENTERED THROUGH_____, W/O P &amp; A CAUSING DAMAGE TO_____, AND REMOVED THE\r\nLISTED ITEMS. UNK PERP(S) FLED THROUGH ______.<span style=\"mso-spacerun:yes\">&nbsp;\r\n</span>A CANVASS WAS CONDUCTED OF THE BUILDING, (STATE RESULTS). MR/MRS.\r\n_____WERE INTERVIEWED<span style=\"mso-spacerun:yes\">&nbsp;&nbsp;&nbsp;&nbsp;&nbsp;&nbsp;&nbsp;&nbsp;&nbsp;&nbsp; </span>(STATE\r\nRESULTS). SGT.____ PRESENT AT SCENE (IF NOT, STATE WHY). STATE IF ALARM OR\r\nSECURITY CAMERAS PRESENT. ECT NOTIFIED AND RESPONDING. PDU NOTIFIED. STATE $ OF\r\nPROPERTY.</span></strong>'),
(5, 3, '<strong><span style=\"font-size:11.0pt;mso-bidi-font-size:12.0pt;font-weight:normal;\r\nmso-bidi-font-weight:bold\">AT TPO C/V STATED DEFENDANT REPEATEDLY HARASSED HER\r\nWITH THREATENING PHONE CALLS, VIOLATING AN ORDER OF PROTECTION. DEFENDANT\r\nARRESTED AT SCENCE.</span></strong>'),
(6, 4, '<strong><span style=\"font-size:11.0pt;mso-bidi-font-size:12.0pt;font-weight:normal;\r\nmso-bidi-font-weight:bold\">AT T/P/O C/V STATES THAT ABOVE, (UNK) PERP(S) DID\r\n(INTENTIONALLY), (RECKLESSLY &gt; $250) DAMAGE C/V’S (STATE PROPERTY DAMAGED),\r\nBY (STATE MEANS). STATE $ OF PROPERTY.</span></strong>'),
(7, 5, '<strong><span style=\"font-size:11.0pt;mso-bidi-font-size:12.0pt;font-weight:normal;\r\nmso-bidi-font-weight:bold\">AT T/P/O ABOVE, PERP KNOWINGLY ENTERED/REMAINED\r\nUNLAWFULLY IN ABOVE LISTED BUILDING, IGNORING CLEAR AND UNOBSTRUCTED NO\r\nTRESPASSING WARNING SIGNS. STATE IF BUILDING IS F-TAP LOCATION.</span></strong>'),
(8, 6, '<div><span style=\"font-size:11.0pt;mso-bidi-font-size:12.0pt\">1. AT TPO A/O OBSERVED\r\nDEFENDANT SMOKING A LIT MARIJUANA CIGAR IN PUBLIC VIEW.</span><span style=\"font-size:11.0pt;mso-bidi-font-size:12.0pt\"><br></span></div><div><span style=\"font-size:11.0pt;mso-bidi-font-size:12.0pt\"><br></span></div><div><span style=\"font-size:11.0pt;mso-bidi-font-size:12.0pt\">2. AT TPO A/O DEFENDANT WAS\r\nOBSERVED OPERATING A MOTOR VEHICLE WITHOUT STOP LAMPS. DURING THE CAR STOP A\r\nSTRONG ODOR OF MARIJUANA WAS PRESENT. UPON FUTHER INVESTIGATION A ZIPLOCK BAG\r\nOF MARIJUANA WAS OBSERVED IN PUBLIC VIEW ON THE CENTER CONSOLE OF THE VEHICLE.</span><span style=\"font-size:11.0pt;mso-bidi-font-size:12.0pt\"></span></div>'),
(9, 7, '\r\n<strong><span style=\"font-size:11.0pt;mso-bidi-font-size:12.0pt;font-weight:normal;\r\nmso-bidi-font-weight:bold\"><strong><span style=\"font-size:11.0pt;mso-bidi-font-size:12.0pt;font-weight:normal;\r\nmso-bidi-font-weight:bold\">AT T/P/O THE UNDERSIGNED DID PERSONALLY OBSERVE THE\r\nDEFT., INTENTIONALLY OR RECKLESSLY ENGAGED IN (PUT SUBDIVISION THAT APPLIES)\r\nCAUSING (PUBLIC ALARM), (PUBLIC ANNOYANCE), OR (PUBLIC INCONVENIENCE). WITH\r\nINTENT TO CAUSE, OR RECKLESSLY CREATE A RISK OF:</span></strong>\r\n\r\n</span></strong><p class=\"MsoNormal\" style=\"text-align:justify\"><strong><span style=\"font-size:\r\n11.0pt;mso-bidi-font-size:12.0pt;font-weight:normal;mso-bidi-font-weight:bold\">&nbsp;</span></strong></p>\r\n\r\n<p class=\"MsoNormal\" style=\"margin-left:.5in;text-align:justify\"><strong><span style=\"font-size:11.0pt;mso-bidi-font-size:12.0pt;font-weight:normal;\r\nmso-bidi-font-weight:bold\">1. PUBLIC INCONVENIENCE, OR</span></strong></p>\r\n\r\n<p class=\"MsoNormal\" style=\"text-align:justify;text-indent:.5in\"><strong><span style=\"font-size:11.0pt;mso-bidi-font-size:12.0pt;font-weight:normal;\r\nmso-bidi-font-weight:bold\">2. PUBLIC ANNOYANCE, OR</span></strong></p>\r\n\r\n<p class=\"MsoNormal\" style=\"text-align:justify;text-indent:.5in\"><strong><span style=\"font-size:11.0pt;mso-bidi-font-size:12.0pt;font-weight:normal;\r\nmso-bidi-font-weight:bold\">3. PUBLIC ALARM</span></strong></p>\r\n\r\n<p class=\"MsoNormal\" style=\"text-align:justify\"><strong><span style=\"font-size:\r\n11.0pt;mso-bidi-font-size:12.0pt;font-weight:normal;mso-bidi-font-weight:bold\">&nbsp;</span></strong></p>\r\n\r\n<p class=\"MsoNormal\" style=\"text-align:justify\"><strong><span style=\"font-size:\r\n11.0pt;mso-bidi-font-size:12.0pt;font-weight:normal;mso-bidi-font-weight:bold\">SUBDIVISIONS\r\n(7)</span></strong></p>\r\n\r\n<p class=\"MsoNormal\" style=\"text-align:justify\"><strong><span style=\"font-size:\r\n11.0pt;mso-bidi-font-size:12.0pt;font-weight:normal;mso-bidi-font-weight:bold\">&nbsp;</span></strong></p>\r\n\r\n<p class=\"MsoNormal\" style=\"text-align:justify;text-indent:.5in\"><strong><span style=\"font-size:11.0pt;mso-bidi-font-size:12.0pt;font-weight:normal;\r\nmso-bidi-font-weight:bold\">1. FIGHTING OF VIOLENT, TUMULTUOUS OR THREATENING\r\nBEHAVIOR.</span></strong></p>\r\n\r\n<p class=\"MsoNormal\" style=\"text-align:justify;text-indent:.5in\"><strong><span style=\"font-size:11.0pt;mso-bidi-font-size:12.0pt;font-weight:normal;\r\nmso-bidi-font-weight:bold\">2. MAKES UNREASONABLE NOISE (INCLUDES LOUD CAR\r\nRADIOS)</span></strong></p>\r\n\r\n<p class=\"MsoNormal\" style=\"margin-left:.5in;text-align:justify\"><strong><span style=\"font-size:11.0pt;mso-bidi-font-size:12.0pt;font-weight:normal;\r\nmso-bidi-font-weight:bold\">3. DISTURBS ANY LAWFUL ASSEMBLY, OR MEETING, WITHOUT\r\nLAWFUL AUTHORITY.</span></strong></p>\r\n\r\n<p class=\"MsoNormal\" style=\"text-align:justify;text-indent:.5in\"><strong><span style=\"font-size:11.0pt;mso-bidi-font-size:12.0pt;font-weight:normal;\r\nmso-bidi-font-weight:bold\">4. OBSTRUCTS VEHICULAR TRAFFIC OR PEDESTRIAN\r\nTRAFFIC.</span></strong></p>\r\n\r\n<p class=\"MsoNormal\" style=\"margin-left:.5in;text-align:justify\"><strong><span style=\"font-size:11.0pt;mso-bidi-font-size:12.0pt;font-weight:normal;\r\nmso-bidi-font-weight:bold\">5. CONGREGATES WITH OTHERS, IN A PUBLIC PLACE, AND\r\nREFUSES TO COMPLY WITH A LAWFUL ORDER (BY POLICE) TO DISPERSE.</span></strong></p>\r\n\r\n<p class=\"MsoNormal\" style=\"margin-left:.5in;text-align:justify\"><strong><span style=\"font-size:11.0pt;mso-bidi-font-size:12.0pt;font-weight:normal;\r\nmso-bidi-font-weight:bold\">7.CREATES A HAZARDOUS OR PHYSICALLY OFFENSIVE\r\nCONDITION AND ACT THAT SERVES NO LEGITIMATE PURPOSE</span></strong></p>'),
(10, 8, '<strong><span style=\"font-size:11.0pt;mso-bidi-font-size:12.0pt;font-weight:normal;\r\nmso-bidi-font-weight:bold\"><strong><span style=\"font-size:11.0pt;mso-bidi-font-size:12.0pt;font-weight:normal;\r\nmso-bidi-font-weight:bold\">AT T/P/O ABOVE, LISTED INDIVIDUAL WAS FOUND (STATE BY WHO) IN (STATE POSITION). HE/SHE WAS PRONOUNCED DOA BY EMS # ____AT ____HRS. SGT. ____ AND DET. _____ OF PDU PRESENT AT SCENE. ABOVE INDIVIDUAL WAS UNDER CARE OF DR._____ DEATH IS/ IS NOT SUSPICIOUS. ME #___________.<br></span></strong></span></strong>'),
(11, 9, '<strong><span style=\"font-size:11.0pt;mso-bidi-font-size:12.0pt;font-weight:normal;\r\nmso-bidi-font-weight:bold\">AT TPO A/O HAD A PICK UP OF A VEHICLE ACCIDENT IN\r\nWHICH DEFT COLLIDED INTO A PARKED CAR. A/O DID OBSERVE DEFENDANT IN A MOTOR\r\nVEHICLE NY REGISTRATION XXX1234, YEAR: XXXX COLOR:XXXX WITH THE KEY IN THE\r\nIGNITION WITH THE ENGINE RUNNING. WHILE SPEAKING WITH THE DEFT THE A/O COULD\r\nSMELL A STRONG ODOR OF AN ALCOHOLIC BEVERAGE ON HIS BREATH AND COULD HEAR THE\r\nDEFT\'S SPEECH WAS SLURRED AND COULD SEE HIS EYES WERE WATERY. DUE TO THE\r\nOBSERVATION MADE BY THE A/O IT WAS DETERMINED THAT THE DEFT WAS DWI. IDTU\r\nOFFICER XXXXX ADMINISTERED SOBRIETY TEST TO DEFT AT TIME: ... THE DEFT\'S\r\nALCOHOL LEVEL WAS .246.</span></strong>'),
(12, 10, '<strong><span style=\"font-size:11.0pt;mso-bidi-font-size:12.0pt;font-weight:normal;\r\nmso-bidi-font-weight:bold\">C/V STATES THAT T/P/O ABOVE, PERP W/ INTENT TO\r\nANNOY, ALARM AND HARASS DID (STATE ACTION) I.E.: (SLAP W/ HAND, SHOVE, PUSH,\r\nFOLLOW AROUND, VERBALLY THREATEN, BANG ON DOOR, ETC). (REPEATEDLY-AGG.\r\nHARASSMENT) C/V STATES (GIVE BRIEF DESCRIPTION OF REASON IF ANY). NO INJURY WAS\r\nSUSTAINED BY C/V. C/V WAS REFERRED TO (STATE COURT) FOR OOP. DIR PREPARED FOR FAMILY\r\nONLY.<span style=\"mso-spacerun:yes\">&nbsp;&nbsp;&nbsp;&nbsp;&nbsp;&nbsp;&nbsp;&nbsp;&nbsp;&nbsp;&nbsp;&nbsp;&nbsp;&nbsp;&nbsp;&nbsp; </span></span></strong>'),
(13, 11, '<strong><span style=\"font-size:11.0pt;mso-bidi-font-size:12.0pt;font-weight:normal;\r\nmso-bidi-font-weight:bold\">AT T/P/O C/V STATES THAT ABOVE, LISTED PROPERTY WAS\r\nREMOVED FROM (STATE EXACTLY WHERE) W/O P &amp; A BY (UNK) PERP(S).<span style=\"mso-spacerun:yes\">&nbsp; </span>(STATE ACTIONS OF VICTIM). STATE IF SECURITY\r\nCAMERAS PRESENT. STATE $ OF PROPERTY.</span></strong>'),
(14, 12, '<strong><span style=\"font-size:11.0pt;mso-bidi-font-size:12.0pt;font-weight:normal;\r\nmso-bidi-font-weight:bold\">C/V STATES THAT AT T/P/O ABOVE, PERP DID PLACE C/V\r\nIN FEAR OF PI/SPI/DEATH BY (PHYSICAL MENACE), (DISPLAY OF A WEAPON).</span></strong>'),
(15, 13, '<strong><span style=\"font-size:11.0pt;mso-bidi-font-size:12.0pt;font-weight:normal;\r\nmso-bidi-font-weight:bold\">AT T/P/O THE UNDERSIGNED OBSERVED THE DEFT. WITH AN\r\nOPEN (STATE TYPE/COLOR OF CONTAINER AND OUNCES) CONTAINER OF ALCOHOL IN OPEN\r\nVIEW OF THE PUBLIC.</span></strong>'),
(16, 14, '<strong><span style=\"font-size:11.0pt;mso-bidi-font-size:12.0pt;font-weight:normal;\r\nmso-bidi-font-weight:bold\">AT T.P.O COMP STATES ABOVE PERP ATTEMPTED TO REMOVE\r\nABOVE LISTED PROPERTY FROM STORE WITHOUT PAYING FOR ITEMS. COMP STATES ABOVE\r\nPERP DID HAVE POSSESSION OF STOLEN PROPERTY HIDEN INSIDE HIS CLOTHING WHILE HE\r\nWAS STOPPED.</span></strong>'),
(17, 15, '<strong><span style=\"font-size:11.0pt;mso-bidi-font-size:12.0pt;font-weight:normal;\r\nmso-bidi-font-weight:bold\">C/V STATES THAT AT T/P/O ABOVE, PERP DID CREATE A\r\nSUBSTANTIAL RISK OF SPI/DEATH TO _________BY (STATE MEANS).</span></strong>'),
(18, 16, '<strong><span style=\"font-size:11.0pt;mso-bidi-font-size:12.0pt;font-weight:normal;\r\nmso-bidi-font-weight:bold\">AT T/P/O ABOVE, C/V REPORTS THAT PERP(S) OR UNIDENTIFIED\r\nPERP(S) DID FORCE WITH (GUN, KNIFE) OR THREATEN FORCE A SEXUAL ACT (DESCRIBE:\r\nINTERCOURSE, ORAL, ANAL) UPON C/V. C/V TREATED AT ___ HOSPITAL BY DR.___.\r\n(INCLUDE LOCATION C/V WAS APPROACHED, TAKEN AND ANY STATEMENTS MADE BY PERP.)\r\nCANVASS CONDUCTED. SGT__ ON SCENE. PDU/SVU NOTIFIED.</span></strong>'),
(19, 17, '<strong><span style=\"font-size:11.0pt;mso-bidi-font-size:12.0pt;font-weight:normal;\r\nmso-bidi-font-weight:bold\">AT T/P/O C/V STATES THAT ABOVE, WHILE (C/V ACTIONS\r\nBEFORE ROBBERY) PERP(S) DID (STATE ACTION) FORCIBLY REMOVING LISTED PROPERTY.\r\nPERP(S) FLED (STATE METHOD/DIRECTION OF FLIGHT). A CANVASS WAS PERFORMED BY ___W/\r\nC/V. A DESCRIPTION OF PERP(S) WAS TRANSMITTED VIA COMMUNICATIONS. STATE IF ANY\r\nINJURIES TO C/V. SGT. __ PRESENT AT SCENE (IF NOT, STATE WHY). PDU NOTIFIED.\r\nSTATE $ OF PROPERTY.</span></strong>'),
(20, 18, '<strong><span style=\"font-size:11.0pt;mso-bidi-font-size:12.0pt;font-weight:normal;\r\nmso-bidi-font-weight:bold\">1. AT TPO A/O OBSERVED DEFENDANT OPERATING A YEAR:XXXX\r\nCOLOR: XXXX<span style=\"mso-spacerun:yes\">&nbsp; </span>MODEL :XXXX NY REGISTRATION\r\n#ABC1234 TRAVELING NORTH BOUND/SOUTH BOUND/EAST BOUND/WEST BOUND ON XXXX\r\n(AVE/STREET) AND (XXXX AVE/STREET) WITHOUT HEADLIGHTS. UPON CARSTOP AND\r\nCOMPUTER CHECK REVEALED DEFT LICENSE TO OPERATE MV IN NY WAS SUSPENDED A TOTAL\r\nOF 3 (0 ON 0 DATES).</span></strong>\r\n\r\n<p class=\"MsoNormal\" style=\"text-align:justify\"><strong><span style=\"font-size:\r\n11.0pt;mso-bidi-font-size:12.0pt;font-weight:normal;mso-bidi-font-weight:bold\">&nbsp;</span></strong></p>\r\n\r\n<p class=\"MsoNormal\" style=\"text-align:justify\"><strong><span style=\"font-size:\r\n11.0pt;mso-bidi-font-size:12.0pt;font-weight:normal;mso-bidi-font-weight:bold\">&nbsp;</span></strong><strong><span style=\"font-size:11.0pt;mso-bidi-font-size:12.0pt;font-weight:normal;\r\nmso-bidi-font-weight:bold\">2. AT TPO A/O DID OBSERVE DEFT. OPERATING A COLOR\r\nXXXX YEAR : XXXX MAKE: XXXX WITH NY REGISTRATION ABC1234 ON NORTH BOUND/SOUTH\r\nBOUND/EAST BOUND/WEST BOUND ON XXXX (AVE/STREET) AND (XXXX AVE/STREET).\r\nDEFENDANT WAS OBSERVED OPERATING A VEHICLE WHOSE CAR STERO COULD BE HEARD FROM\r\nA BLOCK AWAY CAUSING UNREASONABLE NOISE. UPON FURTHER INVESTIGATION COMPUTER\r\nCHECK REVEALED DEFT\'S LICENSE HAS A TOTAL OF 1 SUSPENSIONSS (0 ON 0) DATES.</span></strong>\r\n\r\n</p>'),
(21, 19, '<strong><span style=\"font-size:11.0pt;mso-bidi-font-size:12.0pt;font-weight:normal;\r\nmso-bidi-font-weight:bold\">AT T/P/O THE UNDERSIGNED OBSERVED THE DEFT. TO BE IN\r\nPOSSESSION OF (STATE QUANTITY AND PACKAGING) IN (STATE LOCATION) MARIJUANA\r\nTAKEN INTO CUSTODY AND VOUCHERED FOR EVIDENCE AT (PCT) VOUCHER #____.</span></strong>'),
(22, 20, '<strong><span style=\"font-size:11.0pt;mso-bidi-font-size:12.0pt;font-weight:normal;\r\nmso-bidi-font-weight:bold\">AT T/P/O THE UNDERSIGNED DID PERSONALLY OBSERVE THE\r\nDEFT. URINATING (STATE PLACE) IN OPEN VIEW OF THE PUBLIC. CREATING A HAZARDOUS\r\nAND PHYSICALLY OFFENSIVE CONDITION.</span></strong>'),
(23, 21, '');

-- --------------------------------------------------------

--
-- Table structure for table `arrest_complaint_transit_details`
--

CREATE TABLE `arrest_complaint_transit_details` (
  `id` int(11) NOT NULL,
  `arrest_complaint_transit_details_category_name` varchar(200) NOT NULL,
  `arrest_complaint_transit_details_section` text NOT NULL
) ENGINE=InnoDB DEFAULT CHARSET=utf8;

--
-- Dumping data for table `arrest_complaint_transit_details`
--

INSERT INTO `arrest_complaint_transit_details` (`id`, `arrest_complaint_transit_details_category_name`, `arrest_complaint_transit_details_section`) VALUES
(1, 'UNSAFE RIDING BETWEEN CARS 1050/9 (D)', 'AT T/P/O P.O. OBSERVED RESP. RIDING BETWEEN TWO TRAIN CARS ON _/_ BOUND TRAIN WHILE TRAIN WAS IN MOTION.'),
(2, 'UNSAFE RIDING- 1050.7(K) $100.00', 'AT T/P/O P.O. OBSERVED RESP. WEARING A PAIR OF ROLLER BLADE SKATES WHILE (1, 2)<br>1.&nbsp; STANDING ON (N/S),(STATION PLAT)|L<br>2.&nbsp; RIDING ON (TRAIN LINE), (CAR), AND CREATING A UNSAFE .CONDITION.<br><br>'),
(3, 'FAILURE TO PROVIDE ID UPON REQUEST 1050.69(D) 3', 'AT T/P/O RESP VIOLATED 1050. XXX AND INITIALLY REFUSED TOPROVIDE PROPER I.D TO THIS OFFICER, SUMMONS NUMBER XXX ISSUED FOR ORIGINAL VIOLATION'),
(4, 'DISOBEY LAWFUL ORDER 1050.6 (D)', 'AT T/P/O P.O. GAVE RESP. LAWFUL ORDER TO (STATE ORDER) RESP. DISOBEYED ORDER BY (STATE ACTION). SUMMONS # XXX ISSUED WITH THIS SUMMONS'),
(5, 'PANHANDLING OR BEGGING 1050.6 (B)', 'AT T/P/O P.O. OBSERVED RESP. PANHANDLING/ BEGGING PASSENGERS ON (TRAIN LINE / STATION AREA) FOR U.SCURRENCY<br><font color=\"#000000\"><span style=\"background-color: rgb(255, 255, 255);\">NOTE: ON TRAIN AN ARREST</span></font>'),
(6, 'BREACH OF PEACE 1050.7(I)', 'AT T/P/O P.O. OBSERVED RESP. SHOUTING LOUDLY ON (TRAINLINE / STATION AREA) ALARMING OTHER PASSENGERS IN THESUBWAY SYSTEM<br><br>AT T/P/O RESP BECAME LOUD AND BOISTEROUS CAUSINGPUBLIC ALARM ON/IN (TRAIN LINE /STATION AREA)'),
(7, 'ENTER RESTRICTED AREA 1050.9 (A)', 'AT T/P/O P.O. OBSERVED RESP. ENTER AND REMAIN ON / IN_/B _UNE, TRACKS / TUNNEL.'),
(8, 'ANIMAL NOT IN CONTAINER I05P.9 (H)', 'AT T/P/O P.O. OBSERVED RESP. WALKING/CARRYING (TYPE OFANIMAL) NOT IN AN APPROVED CONTAINER IN /ON _B _ TRAIN/PLATFORM / MEZZANINE IN SUBWAY SYSTEM.<br>'),
(9, 'LYING DOWN/OCCUPYING MORE THAN ONE SEAT 1050.7 (J)', 'AT T/P/O P.O. OBSERVED RESP. LYING DOWN (STATE STATIONAREA) SUBWAY SYSTEM BLOCKING PEDESTRIAN FLOW OF TRAFFIC<br><br>AT T/P/O P.O. OBSERVED RESP LYING DOWN AND OCCUPYING MORE THAN ONE SEAT ON /B.TRAIN<br><br>AT T/P/O P.O. OBSERVED RESP OCCUPYING MORE THAN ONESEATON _/B _TRAIN AND DENIED OTHER PASSENGERS AN ENTITLED SEAT.<br><br>'),
(10, 'LITTERING/SPITTING/URINATING1050.7(A) - $50.00', 'AT T/P/O P.O OBSERVED RESP.(1,2,3)<br>1.&nbsp;&nbsp;&nbsp; THROW A PIECE OF PAPER OH (STATION PLAT) FLOOR.<br>2.&nbsp;&nbsp;&nbsp; &nbsp;SITTING ON (STATION FLAT)<br>3.&nbsp;&nbsp;&nbsp; URINATING ON (STATION PLATFORM / MEZZANINE AND CREATING A UNSANITARY CONDITION<br><br>'),
(11, 'UNAUTHORIZED SOUND PRODUCTION DEVICE (RADIO) 1050.7(E) - $50.00', 'AT T/P/O P.O. OBSERVED RESP. PLAYING RADIO ON TRAIN WHICH WAS AUDIBLE TO OTHERPASSENGERS IN SUBWAY SYSTEM.<br>'),
(12, 'UNAUTHORIZED SALE OF GOODS 1050.6(B) - $50.00', 'AT T/P/O P.O OBSERVED RESP. SELLING GOODS (TRAIN LINE) OR (STATION PLAT) WITHOUT PERMIT OR PERMISSION PROM TRANSIT AUTHORITY.<br>'),
(13, 'SMOKING- 1050.7(B) - $50.00', 'AT T/P/O OBSERVED RESP. SMOKING AN OPEN FLAKE CIGARETTE (1,2,3,) *<br>1.&nbsp;&nbsp; &nbsp;ON (NAME PLAT.) (TRAIN LINE)<br>2.&nbsp; (TRAIN LINE) (CAR #)<br>3.IN FRONT OF BOTH. ( # ) (TRAIN LINE)<br><br>');

-- --------------------------------------------------------

--
-- Table structure for table `oath_details`
--

CREATE TABLE `oath_details` (
  `id` int(11) NOT NULL,
  `oath_category_name` varchar(200) NOT NULL,
  `oath_title` varchar(200) NOT NULL,
  `oath_section` varchar(200) NOT NULL,
  `oath_code` varchar(50) NOT NULL,
  `min` int(5) NOT NULL,
  `max` int(5) NOT NULL
) ENGINE=InnoDB DEFAULT CHARSET=latin1;

--
-- Dumping data for table `oath_details`
--

INSERT INTO `oath_details` (`id`, `oath_category_name`, `oath_title`, `oath_section`, `oath_code`, `min`, `max`) VALUES
(1, 'CJRA-RELATED OFFENSES', 'UNLAWFUL CONSUMPTION/POSSESSION OF ALCOHOLIC BEVERAGES', 'A.C. 10-125', 'X25', 25, 100),
(2, 'CJRA-RELATED OFFENSES', 'PUBLIC URINATION', 'ADMIN CODE 16-118(6)', 'S9i', 75, 400),
(3, 'CJRA-RELATED OFFENSES', 'LITTERING', 'A.C.  16-118(1)(a)', 'S03', 100, 450),
(4, 'CJRA-RELATED OFFENSES', 'SPITTING', 'ADMIN CODE 16-118(1)(b)', 'S9H', 75, 400),
(5, 'CJRA-RELATED OFFENSES', 'CAUSING OR PERMITTING UNREASONABLE NOISE (7 AM TO 10 PM)', 'A.C.  24-218(A)', 'N01', 350, 1000),
(6, 'CJRA-RELATED OFFENSES', 'CAUSING OR PERMITTING UNREASONABLE NOISE (7AM TO 10PM)-2ND', 'A.C.  24-218(A)', 'N02', 700, 2000),
(7, 'CJRA-RELATED OFFENSES', 'CAUSING OR PERMITTING UNREASONABLE NOISE (7AM TO 10PM)-3RD', 'A.C.  24-218(A)', 'N03', 1050, 3000),
(8, 'CJRA-RELATED OFFENSES', 'CAUSING OR PERMITTING UNREASONABLE NOISE (10 PM TO 7 AM)', 'A.C.  24-218(A)', 'N04', 450, 1000),
(9, 'CJRA-RELATED OFFENSES', 'CAUSING OR PERMITTING UNREASONABLE NOISE (10PM TO 7AM)-2ND', 'A.C.  24-218(A)', 'N05', 900, 2000),
(10, 'CJRA-RELATED OFFENSES', 'CAUSING OR PERMITTING UNREASONABLE NOISE (10PM TO 7AM)-3RD', 'A.C.  24-218(A)', 'N06', 1350, 3000),
(11, 'NYC PARKS RULES / GENERAL USE', 'UNAUTHORIZED PRESENCE IN PARK WHEN CLOSED TO PUBLIC', '56 RCNY 1-03(A)(3)', 'A01', 50, 200),
(12, 'NYC PARKS RULES / GENERAL USE', 'FAILURE TO HAVE/DISPLAY/COMPLY WITH REQUIRED PERMIT', '56 RCNY 1-03(B)(6)', 'A02', 50, 200),
(13, 'NYC PARKS RULES / GENERAL USE', 'FAILURE TO COMPLY WITH DIRECTIVES OF OFFICER/PARK EMPLOYEE', '56 RCNY 1-03(C)(1),3-19', 'A03', 250, 1000),
(14, 'NYC PARKS RULES / GENERAL USE', 'FAILURE TO COMPLY WITH DIRECTIONS/PROHIBITIONS ON SIGNS', '56 RCNY 1-03(C)(2)', 'A04', 50, 200),
(15, 'NYC PARKS RULES / GENERAL USE', 'INJURY/DEFACEMENT/ABUSE OF DEPARTMENT\'S PROPERTY OR EQUIPMENT', '56 RCNY 1-04(A)', 'A05', 2000, 2000),
(16, 'NYC PARKS RULES / GENERAL USE', 'INTENTIONAL DESTRUCTION/REMOVAL/PERMANENT DAMAGE TO TREE', '56 RCNY 1-04(B)(1)(I)', 'A06', 4000, 4000),
(17, 'NYC PARKS RULES / GENERAL USE', 'DESTRUCTION/DEFACEMENT/ABUSE OF PARK VEGETATION', '56 RCNY 1-04(B)(1)(II)', 'A07', 250, 1000),
(18, 'NYC PARKS RULES / GENERAL USE', 'WALKING/PERMITTING ANIMAL/CHILD TO WALK ON NEWLY SEEDED GRASS', '56 RCNY 1-04(B)(2)', 'A08', 50, 200),
(19, 'NYC PARKS RULES / GENERAL USE', 'UNAUTHORIZED ENTRY/ALLOWING ENTRY INTO FENCED/RESTRICTED AREA', '56 RCNY 1-04(B)(3)', 'A09', 50, 200),
(20, 'NYC PARKS RULES / GENERAL USE', 'UNAUTHORIZED POSSESSION OF GARDENING TOOL/PLANT', '56 RCNY 1-04(B)(4)', 'A10', 50, 200),
(21, 'NYC PARKS RULES / GENERAL USE', 'LITTERING OR UNLAWFUL USE OF PARK WASTE RECEPTACLE', '56 RCNY 1-04(C)(1),3-08E', 'A11', 100, 300),
(22, 'NYC PARKS RULES / GENERAL USE', 'POLLUTING WATERS WITHIN PARK', '56 RCNY 1-04(C)(2)', 'A12', 250, 1000),
(23, 'NYC PARKS RULES / GENERAL USE', 'UNLAWFUL DUMPING', '56 RCNY 1-04(C)(3)', 'A13', 4000, 4000),
(24, 'NYC PARKS RULES / GENERAL USE', 'STORING/LEAVING UNATTENDED PERSONAL BELONGINGS', '56 RCNY 1-04(C)(4)', 'A14', 50, 200),
(25, 'NYC PARKS RULES / GENERAL USE', 'POSSESSION OF GLASS CONTAINER IN RESTRICTED AREA', '56 RCNY 1-04(D)', 'A15', 50, 200),
(26, 'NYC PARKS RULES / GENERAL USE', 'MOLEST/KILL/REMOVE/POSSESS ANIMAL/NEST/EGG ETC.', '56 RCNY 1-04(G)(1)', 'A16', 4000, 4000),
(27, 'NYC PARKS RULES / GENERAL USE', 'UNLAWFUL FEEDING OF ANIMALS', '56 RCNY 1-04(G)(2)', 'A17', 50, 200),
(28, 'NYC PARKS RULES / GENERAL USE', 'UNLEASHED OR UNCONTROLLED ANIMALS IN PARK', '56 RCNY 1-04(I),3-18(D)', 'A18', 100, 200),
(29, 'NYC PARKS RULES / GENERAL USE', 'FAIL TO REMOVE CANINE WASTE', '56 RCNY 1-04(J)(1),3-18(B)', 'A19', 250, 250),
(30, 'NYC PARKS RULES / GENERAL USE', 'HORSE-CARRIAGE WITHOUT HORSE HAMPER/CONTROL FOR HORSE WASTE', '56 RCNY 1-04(J)(2)', 'A20', 100, 400),
(31, 'NYC PARKS RULES / GENERAL USE', 'UNLAWFUL URINATION/DEFECATION IN PARK', '56 RCNY 1-04(K)', 'A21', 50, 300),
(32, 'NYC PARKS RULES / GENERAL USE', 'UNLAWFUL ENTRY TO OR CLIMBING ON PARK PROPERTY', '56 RCNY 1-04(L)(1-3)', 'A22', 50, 200),
(33, 'NYC PARKS RULES / GENERAL USE', 'OBSTRUCTION OF BENCHES, SITTING AREAS', '56 RCNY 1-04(O)', 'A23', 50, 200),
(34, 'NYC PARKS RULES / GENERAL USE', 'UNAUTHORIZED CAMPING', '56 RCNY 1-04(P)', 'A24', 250, 1000),
(35, 'NYC PARKS RULES / GENERAL USE', 'SPITTING ON PARK BUILDING/MONUMENT/STRUCTURE', '56 RCNY 1-04(Q)', 'A25', 100, 200),
(36, 'NYC PARKS RULES / GENERAL USE', 'UNLAWFUL USE OF FOUNTAIN/POOL/WATER FOR PERSONAL/ANIMAL HYGIENE', '56 RCNY 1-04(R)', 'A26', 50, 200),
(37, 'NYC PARKS RULES / GENERAL USE', 'UNLEASHED OR UNCONTROLLED ANIMAL IN PARK - 2ND OFFENSE', '56 RCNY 1-04(I);3-18(D)', 'A64', 200, 400),
(38, 'NYC PARKS RULES / GENERAL USE', 'UNLEASHED OR UNCONTROLLED ANIMAL IN PARK - 3RD OFFENSE', '56 RCNY 1-04(i);3-18(d)', 'A65', 400, 800),
(39, 'NYC PARKS RULES / GENERAL USE', 'UNLEASHED OR UNCONTROLLED ANIMAL IN PARK - 4TH OFFENSE', '56 RCNY 1-04(i);3-18(d)', 'A66', 700, 1400),
(40, 'NYC PARKS RULES / GENERAL USE', 'UNLEASHED OR UNCONTROLLED ANIMAL IN PARK - 5TH OFFENSE', '56 RCNY 1-04(i);3-18(d)', 'A67', 1000, 2000),
(41, 'NYC PARKS RULES / GENERAL USE', 'DESTRUCTION OF TREE BRANCH/PRUNING W/O PERMIT/MINOR TREE ABUSE', '56 RCNY1-04(B)(1)(I)', 'A68', 100, 400),
(42, 'NYC PARKS RULES / GENERAL USE', 'MAJOR DAMAGE TO/ACCIDENTAL DESTRUCTION OF A TREE', '56 RCNY 1-04(B)(I)', 'A69', 500, 2000),
(43, 'NYC PARKS RULES / GENERAL USE', 'UNAUTHORIZED POSSESSION OF METAL DETECTOR', '56 RCNY 1-04(B)(5)', 'A70', 50, 200),
(44, 'NYC PARKS RULES / GENERAL USE', 'FAILURE OF PEDICAB TO COMPLY WITH DIRECTIVES OF OFFICER/PARK EMPLOYEE', '56 RCNY1-03(C)(1), 3-19', 'A71', 250, 1000),
(45, 'NYC PARKS RULES / GENERAL USE', 'FAILURE OF PEDICAB TO COMPLY WITH DIRECTIONS/PROHIBITIONS ON SIGNS', '56 RCNY1-03(C)(2)', 'A72', 50, 200),
(46, 'NYC PARKS RULES / GENERAL USE', 'STORING/LEAVING UNATTENDED PEDICAB', '56 RCNY1-04(C)(4)', 'A73', 50, 200),
(47, 'NYC PARKS RULES / GENERAL USE', 'FAILURE TO COMPLY WITH PEDICAB RESTRICTIONS', '56 RCNY1-05(I)', 'A74', 50, 200),
(48, 'NYC PARKS RULES / GENERAL USE', 'UNAUTHORIZED ASSEMBLY/EXHIBITION/PARADE, ETC. W/O PERMIT', '56 RCNY 1-05(A)(1,3)', 'A27', 250, 1000),
(49, 'NYC PARKS RULES / GENERAL USE', 'UNAUTHORIZED VENDING', '56 RCNY 1-05(B)', 'A28', 250, 1000),
(50, 'NYC PARKS RULES / GENERAL USE', 'UNAUTHORIZED POSTING/DISPLAY OF NOTICES/SIGNS/BANNERS, ETC.', '56 RCNY 1-05(C)', 'A29', 50, 200),
(51, 'NYC PARKS RULES / GENERAL USE', 'UNREASONABLE NOISE', '56 RCNY 1-05(D)(1)', 'A30', 350, 875),
(52, 'NYC PARKS RULES / GENERAL USE', 'OPERATING SPEAKER DEVICE/SOUND AMPLIFIER WITHOUT REQUIRED PERMIT', '56 RCNY 1-05(D)(2)', 'A31', 140, 350),
(53, 'NYC PARKS RULES / GENERAL USE', 'PLAYING INSTRUMENT/RADIO, ETC. DURING UNAUTHORIZED HOURS', '56 RCNY 1-05(D)(3)', 'A32', 140, 350),
(54, 'NYC PARKS RULES / GENERAL USE', 'UNAUTHORIZED NOISE FOR ADVERTISING/COMMERCIAL PURPOSES', '56 RCNY1-05(d)(4)', 'A33', 1750, 1750),
(55, 'NYC PARKS RULES / GENERAL USE', 'COMMERCIAL CINEMATIC PRODUCTION WITHOUT PERMIT', '56 RCNY1-05(e)', 'A34', 250, 1000),
(56, 'NYC PARKS RULES / GENERAL USE', 'UNAUTHORIZED CONSUMPTION/POSSESSION OF ALCOHOLIC BEVERAGE', '56 RCNY1-05(f)', 'A35', 25, 100),
(57, 'NYC PARKS RULES / GENERAL USE', 'FAILURE TO COMPLY WITH BATHING RESTRICTIONS', '56 RCNY1-05(g)', 'A36', 50, 200),
(58, 'NYC PARKS RULES / GENERAL USE', 'FAILURE TO COMPLY WITH FISHING RESTRICTIONS', '56 RCNY1-05(H)', 'A37', 50, 200),
(59, 'NYC PARKS RULES / GENERAL USE', 'FAILURE TO COMPLY WITH BICYCLE RIDING RESTRICTIONS', '56 RCNY1-05(i)', 'A38', 50, 200),
(60, 'NYC PARKS RULES / GENERAL USE', 'FAILURE TO COMPLY WITH BOATING RESTRICTIONS', '56 RCNY1-05(j)', 'A39', 50, 200),
(61, 'NYC PARKS RULES / GENERAL USE', 'FAILURE TO COMPLY WITH ICE SKATING RESTRICTIONS', '56 RCNY1-05(k)', 'A40', 50, 200),
(62, 'NYC PARKS RULES / GENERAL USE', 'PLANTING TREE/FLOWER/SHRUBBERY/OTHER VEGETATION WITHOUT PERMIT', '56 RCNY1-05(l)', 'A41', 50, 200),
(63, 'NYC PARKS RULES / GENERAL USE', 'FAILURE TO COMPLY WITH RESTRICTION RE: FIRES', '56 RCNY1-05(m)(1)', 'A42', 50, 200),
(64, 'NYC PARKS RULES / GENERAL USE', 'UNLAWFUL DISPOSAL OF FLAMMABLE MATERIALS', '56 RCNY1-05(m)(2)', 'A43', 50, 200),
(65, 'NYC PARKS RULES / GENERAL USE', 'UNAUTHORIZED CONSTRUCTION/STORAGE OF MATERIALS', '56 RCNY1-05(o)', 'A44', 4000, 4000),
(66, 'NYC PARKS RULES / GENERAL USE', 'UNAUTHORIZED EXCAVATION', '56 RCNY1-05(p)', 'A45', 4000, 4000),
(67, 'NYC PARKS RULES / GENERAL USE', 'FAILURE TO COMPLY WITH HORSEBACK RIDING RESTRICTIONS', '56 RCNY1-05(q)', 'A46', 50, 200),
(68, 'NYC PARKS RULES / GENERAL USE', 'FAILURE TO COMPLY WITH AREA USE RESTRICTIONS', '56 RCNY1-05(r)', 'A47', 50, 200),
(69, 'NYC PARKS RULES / GENERAL USE', 'FAILURE TO COMPLY WITH EXCLUSIVE SENIOR CITIZEN AREA RESTRICTIONS', '56 RCNY 1-05(s)(2)', 'AA1', 50, 75),
(70, 'NYC PARKS RULES / GENERAL USE', 'FAILURE TO COMPLY WITH DOG RUN RESTRICTIONS', '56 RCNY 1-05(S)(3)', 'AA2', 50, 75),
(71, 'NYC PARKS RULES / GENERAL USE', 'UNAUTHORIZED DISTRIBUTION OR DEMONSTRATION OF PRODUCTS', '56 RCNY1-05(t)', 'A48', 100, 400),
(72, 'NYC PARKS RULES / GENERAL USE', 'FAILURE TO COMPLY WITH ROLLERBLADING/SKATING RESTRICTIONS', '56 RCNY1-05(u)', 'A49', 50, 100),
(73, 'NYC PARKS RULES / GENERAL USE', 'YOUTH BASEBALL LEAGUE\'S SECOND OR SUBSEQUENT FAILURE TO COMPLY WITH AED\nREQUIREMENTS', 'ADMIN CODE 18-146(i)(1)', 'AA3', 500, 500),
(74, 'NYC PARKS RULES / GENERAL USE', 'YOUTH BASEBALL LEAGUE\'S FAILURE TO RETURN AED TO DEPT IN SATISFACTORY\nCONDITION', 'ADMIN CODE 18-146(i)(2)', 'AA4', 2500, 2500),
(75, 'NYC PARKS RULES -- BOATING', 'INTERFERENCE WITH EMERGENCY VESSEL BOARDING', '56 RCNY 3-05,4-03', 'A50', 100, 400),
(76, 'NYC PARKS RULES -- BOATING', 'FAILURE TO HAVE/DISPLAY/COMPLY WITH REQUIRED PERMIT', '56 RCNY 3-06A,3-17,4-04A', 'A51', 50, 200),
(77, 'NYC PARKS RULES -- BOATING', 'USE OF UNAUTHORIZED TOILETS ON VESSEL', '56 RCNY 3-08(a),4-06(a)', 'A52', 250, 1000),
(78, 'NYC PARKS RULES -- BOATING', 'ILLEGAL DISCHARGE ON DOCKS/WATER/WALKWAYS ETC.', '56 RCNY 3-08(b),4-06(b)', 'A53', 250, 1000),
(79, 'NYC PARKS RULES -- BOATING', 'UNREASONABLE NOISE', '56 RCNY 3-08(d),4-06(d)', 'A54', 350, 875),
(80, 'NYC PARKS RULES -- BOATING', 'MOORING FAILS TO MEET REQUIREMENTS', '56 RCNY 4-07(a),(b)', 'A55', 50, 200),
(81, 'NYC PARKS RULES -- BOATING', 'IMPROPER MAINTENANCE OF VESSEL OR EQUIPMENT', '56 RCNY 3-10(a)', 'A56', 50, 200),
(82, 'NYC PARKS RULES -- BOATING', 'UNATHORIZED STRUCTURAL MODIFICATION ON VESSEL', '56 RCNY 3-10(b)', 'A57', 2000, 2000),
(83, 'NYC PARKS RULES -- BOATING', 'EXCESSIVE SPEED IN MOORING AREA', '56 RCNY 4-09', 'A58', 50, 200),
(84, 'NYC PARKS RULES -- BOATING', 'FAILURE TO POSSESS PROPER SAFETY EQUIPMENT ON VESSEL', '56 RCNY 3-12(a),4-10', 'A59', 50, 200),
(85, 'NYC PARKS RULES -- BOATING', 'UNAUTHORIZED INTERFERNCE WITH ELECTRICAL SUPPLY IN MARINA', '56 RCNY 3-13(a)', 'A60', 1000, 1000),
(86, 'NYC PARKS RULES -- BOATING', 'FAILURE TO REMOVE SUNKEN VESSEL', '56 RCNY 3-15,4-11', 'A61', 2000, 2000),
(87, 'NYC PARKS RULES -- BOATING', 'UNAUTHORIZED LAUNCH OR STORAGE OF KAYAK OR CANOE', '56 RCNY 3-16(b)', 'A62', 50, 200),
(88, 'NYC PARKS RULES -- BOATING', 'UNLAWFUL USE OF VESSEL', '56 RCNY 3-20,4-14', 'A63', 2000, 2000),
(89, 'NYC PARKS RULES -- BOATING', 'SMOKING IN PARK OR ON OTHER PROPERTY UNDER JURISDICTION OF PARK AND RE', 'ADMIN CODE 17-503(D)(3)', 'A75', 50, 50),
(90, 'NYC PARKS RULES -- BOATING', 'MISCELLANEOUS VIOLATION OF RULES REGARDING 79TH ST. MARINA', '56 RCNY CHAPTER 3', 'A98', 50, 200),
(91, 'NYC PARKS RULES -- BOATING', 'MISCELLANEOUS VIOLATION OF RULES REGARDING MOORINGS', '56 RCNY CHAPTER 4', 'A99', 50, 200),
(92, 'HUDSON RIVER PARK RULES', 'UNAUTHORIZED PRESENCE IN PARK WHEN CLOSED TO PUBLIC', '751.4(A)', 'C01', 50, 200),
(93, 'HUDSON RIVER PARK RULES', 'FAILED TO COMPLY W/DIRECTIVES OF POLICE OFFICER AND/OR PARK EMPLOYEE', '751.4(B)(1)', 'C02', 250, 500),
(94, 'HUDSON RIVER PARK RULES', 'FAILURE TO COMPLY WITH DIRECTIONS / PROHIBITIONS ON SIGNS', '751.4(B)(2)', 'C03', 50, 200),
(95, 'HUDSON RIVER PARK RULES', 'FAILURE TO COMPLY WITH ORDERS OF HRPT', '751.4(C)', 'C04', 250, 500),
(96, 'HUDSON RIVER PARK RULES', 'FAILURE TO HAVE / DISPLAY / COMPLY WITH REQUIRED PERMIT', '751.5(H)', 'C05', 50, 200),
(97, 'HUDSON RIVER PARK RULES', 'INJURY / DEFACEMENT / ABUSE OF PROPERTY OR EQUIPMENT', '751.6(A)', 'C06', 500, 500),
(98, 'HUDSON RIVER PARK RULES', 'INTENTIONAL DESTRUCTION/REMOVAL/PERMANENT DAMAGE TO TREE(S)', '751.6(B)(1)', 'C07', 500, 500),
(99, 'HUDSON RIVER PARK RULES', 'DESTRUCTION/DEFACEMENT/ABUSE OF PARK VEGETATION', '751.6(B)(1)', 'C08', 250, 500),
(100, 'HUDSON RIVER PARK RULES', 'WALKING/PERMITTING ANIMAL/CHILD TO WALK ON NEWLY SEEDED GRASS', '751.6(B)(2)', 'C09', 50, 200),
(101, 'HUDSON RIVER PARK RULES', 'UNAUTHORIZED ENTRY/ALLOWING ENTRY INTO FENCED/RESTRICTED AREA', '751.6(B)(3)', 'C10', 50, 200),
(102, 'HUDSON RIVER PARK RULES', 'UNAUTHORIZED POSSESION OF GARDENING TOOL / PLANT', '751.6(B(4)', 'C11', 50, 200),
(103, 'HUDSON RIVER PARK RULES', 'UNAUTHORIZED USE OF METAL DETECTOR', '751.6(B)(5)', 'C12', 50, 200),
(104, 'HUDSON RIVER PARK RULES', 'LITTERING OR UNLAWFUL USE OF PARK WASTE RECEPTACLE', '751.6(C)', 'C13', 100, 300),
(105, 'HUDSON RIVER PARK RULES', 'ILLEGAL DISCHARGE INTO PARK WATERS', '751.6(C)(2)', 'C14', 250, 500),
(106, 'HUDSON RIVER PARK RULES', 'UNLAWFUL DUMPING', '751.6(C)(3)', 'C15', 500, 500),
(107, 'HUDSON RIVER PARK RULES', 'STORING/LEAVING UNATTENDED PERSONAL BELONGINGS', '751.6(C)(4)', 'C16', 50, 200),
(108, 'HUDSON RIVER PARK RULES', 'POSSESION OF GLASS CONTAINER IN RESTRICTED AREA', '751.6(D)', 'C17', 50, 200),
(109, 'HUDSON RIVER PARK RULES', 'FAILURE TO COMPLY WITH RESTRICTIONS RE: AVIATION', '751.6(E)', 'C18', 100, 400),
(110, 'HUDSON RIVER PARK RULES', 'MOLEST/KILL/REMOVE/POSSESS ANIMAL/NEST/EGG ETC.', '751.6(G)(1)', 'C19', 500, 500),
(111, 'HUDSON RIVER PARK RULES', 'UNLAWFUL FEEDING OF ANIMALS', '751.6(G)(2)', 'C20', 50, 200),
(112, 'HUDSON RIVER PARK RULES', 'UNLEASHED OR UNCONTROLLED ANIMALS IN PARK', '751.6(I)', 'C21', 100, 200),
(113, 'HUDSON RIVER PARK RULES', 'UNLEASHED OR UNCONTROLLED ANIMALS IN PARK - 2ND OFFENSE', '751.6(I)', 'C22', 200, 400),
(114, 'HUDSON RIVER PARK RULES', 'UNLEASHED OR UNCONTROLLED ANIMALS IN PARK - 3RD OFFENSE', '751.6 (I)', 'C23', 400, 500),
(115, 'HUDSON RIVER PARK RULES', 'UNLEASHED/UNCONTROLLED ANIMALS IN PARK - 4TH AND SUBSEQUENT OFFENSES', '751.6 (I)', 'C24', 500, 500),
(116, 'HUDSON RIVER PARK RULES', 'UNLEASHED OR UNCONTROLLED ANIMALS IN PARK - 5TH OFFENSE', '751.6(I)', 'C25', 500, 500),
(117, 'HUDSON RIVER PARK RULES', 'FAILURE TO COMPLY WITH HORSEBACK RIDING RESTRICTIONS', '751.6(J)', 'C26', 50, 200),
(118, 'HUDSON RIVER PARK RULES', 'FAILURE TO REMOVE ANIMAL WASTE', '751.6 (K)', 'C27', 250, 250),
(119, 'HUDSON RIVER PARK RULES', 'UNLAWFUL URINATION/DEFECATION IN PARK', '751.6(L)', 'C28', 50, 300),
(120, 'HUDSON RIVER PARK RULES', 'DISORDERLY BEHAVIOR INVOLVING ENTRANCE/EXIT ONTO PARK PROPERTY', '751.6(M)(1)', 'C29', 50, 200),
(121, 'HUDSON RIVER PARK RULES', 'UNLAWFUL CLIMBING ON PARK PROPERTY', '751.6(M)(2)', 'C30', 50, 200),
(122, 'HUDSON RIVER PARK RULES', 'FAILURE TO PAY A FEE/CHARGE', '751.6(M)(3)', 'C31', 50, 200),
(123, 'HUDSON RIVER PARK RULES', 'OBSTRUCTION OF BENCHES,SITTING AREAS', '751.6(P)', 'C32', 50, 200),
(124, 'HUDSON RIVER PARK RULES', 'UNAUTHORIZED CAMPING/ERECTION OF TENT OR SHELTER', '751.6(Q)', 'C33', 250, 500),
(125, 'HUDSON RIVER PARK RULES', 'SPITTING ON PARK BUILDING/MONUMENT/STRUCTURE OR IN THE WATER', '751.6(R)', 'C34', 100, 200),
(126, 'HUDSON RIVER PARK RULES', 'UNLAWFUL USE OF FOUNTAIN/POOL/WATER/FOR PERSONAL/ANIMAL HYGIENE', '751.6(S)', 'C35', 50, 200),
(127, 'HUDSON RIVER PARK RULES', 'USE OF PROHIBITED VESSELS,I.E.JET SKIS,CIGARETTE BOATS,ETC.', '751.6(U)', 'C36', 100, 400),
(128, 'HUDSON RIVER PARK RULES', 'UNAUTHORIZED SPECIAL EVENT/DEMONSTRATION WITHOUT PERMIT', '751.7(A)(1)', 'C37', 250, 500),
(129, 'HUDSON RIVER PARK RULES', 'UNLAWFUL ERECTION OF STRUCTURE/STAND/BOOTH/PLATFORM/EXHIBIT/ARTWORK', '751.7(A)(2)', 'C38', 250, 500),
(130, 'HUDSON RIVER PARK RULES', 'UNAUTHORIZED VENDING', '751.7(B)', 'C39', 250, 500),
(131, 'HUDSON RIVER PARK RULES', 'UNAUTHORIZED POSTING/DISPLAY OF NOTICES/SIGNS/BANNERS,ETC.', '751.7(C)', 'C40', 50, 200),
(132, 'HUDSON RIVER PARK RULES', 'UNREASONABLE NOISE', '751.7(D)(1)', 'C41', 350, 500),
(133, 'HUDSON RIVER PARK RULES', 'UNAUTHORIZED/UN-PERMITTED USE OF SOUND REPRODUCTION DEVICE', '751.7(D)(2)', 'C42', 140, 350),
(134, 'HUDSON RIVER PARK RULES', 'PLAYING INSTRUMENT/RADIO,ETC. DURING UNAUTHORIZED HOURS', '751.7(D)(3)', 'C43', 140, 350),
(135, 'HUDSON RIVER PARK RULES', 'UNAUTHORIZED NOISE FOR ADVERTISING/COMMERCIAL PURPOSES', '751.7(D)(4)', 'C44', 500, 500),
(136, 'HUDSON RIVER PARK RULES', 'COMMERCIAL/PHOTO PRODUCTION WITHOUT PERMIT/RESTRICTING ACCESS', '751.7(E)', 'C45', 250, 500),
(137, 'HUDSON RIVER PARK RULES', 'UNAUTHORIZED CONSUMPTION/POSSESSION OF ALCOHOLIC BEVERAGE', '751.7(F)(1)', 'C46', 25, 100),
(138, 'HUDSON RIVER PARK RULES', 'FAILURE TO COMPLY WITH BATHING RESTRICTIONS', '751.7(G)', 'C47', 50, 200),
(139, 'HUDSON RIVER PARK RULES', 'FAILURE TO COMPLY WITH FISHING RESTRICTIONS', '751.7(H)', 'C48', 50, 200),
(140, 'HUDSON RIVER PARK RULES', 'FAILURE TO COMPLY WITH BICYCLE RIDING RESTRICTIONS', '751.7(I)', 'C49', 50, 200),
(141, 'HUDSON RIVER PARK RULES', 'PLANTING/PRUNING/INTERFERING WITH TREE/VEGETATION WITHOUT PERMIT', '751.7 (J)', 'C50', 100, 400),
(142, 'HUDSON RIVER PARK RULES', 'FAILURE TO COMPLY WITH RESTRICTION RE:FIRES', '751.7(K)(1)', 'C51', 50, 200),
(143, 'HUDSON RIVER PARK RULES', 'UNLAWFUL DISPOSAL OF FLAMMABLE MATERIALS', '751.7(K)(2)', 'C52', 50, 200),
(144, 'HUDSON RIVER PARK RULES', 'UNAUTHORIZED CONSTRUCTION/STORAGE OF MATERIALS', '751.7(M)', 'C53', 500, 500),
(145, 'HUDSON RIVER PARK RULES', 'UNAUTHORIZED EXCAVATION', '751.7(N)', 'C54', 500, 500),
(146, 'HUDSON RIVER PARK RULES', 'FAILURE TO COMPLY WITH AREA USE RESTRICTIONS', '751.7(O)', 'C55', 50, 200),
(147, 'HUDSON RIVER PARK RULES', 'UNAUTHORIZED DISTRIBUTION OR DEMONSTRATION OF PRODUCTS', '751.7(Q)', 'C56', 100, 400),
(148, 'HUDSON RIVER PARK RULES', 'FAILURE TO COMPLY WITH ROLLERBLADING/SKATING ETC. RESTRICTIONS', '751.7(R)', 'C57', 50, 100),
(149, 'HUDSON RIVER PARK RULES', 'OPERATING/ ANCHORING/ MOORING ETC. BOAT IN UNAUTHORIZED AREA', '751.8(A)(1)', 'C58', 500, 500),
(150, 'HUDSON RIVER PARK RULES', 'FAILURE TO OPERATE A VESSEL IN A SAFE / NON-RECKLESS MANNER', '751.8(B)', 'C59', 100, 400),
(151, 'HUDSON RIVER PARK RULES', 'OPERATING A VESSEL W/O MUFFLER THAT MUFFLES NOISE IN REASONABLE MANNER', '751.8(C)', 'C60', 350, 500),
(152, 'HUDSON RIVER PARK RULES', 'PROHIBITED USE OF VESSELS IN AN AUTHORIZED SWIMMING OR WADING AREA', '751.8(D)', 'C61', 100, 400),
(153, 'HUDSON RIVER PARK RULES', 'UNLAWFUL USE OF VESSEL', '751.8(E)', 'C62', 500, 500),
(154, 'HUDSON RIVER PARK RULES', 'USE OF EXCESSIVE SPEED BY VESSEL', '751.8 (F)', 'C63', 500, 500),
(155, 'HUDSON RIVER PARK RULES', 'FAILURE TO REMOVE SUNKEN / DISABLED VESSEL', '751.8(G)', 'C64', 500, 500),
(156, 'HUDSON RIVER PARK RULES', 'UNAUTHORIZED OVERNIGHT OCCUPANCY OF VESSELS', '751.8(H)', 'C65', 50, 200),
(157, 'HUDSON RIVER PARK RULES', 'INTERFERENCE WITH EMERGENCY VESSEL BOARDING', '751.8(I)', 'C66', 100, 400),
(158, 'HUDSON RIVER PARK RULES', 'USE OF UNAUTHORIZED TOILETS ON VESSEL', '751.8(J)(1)', 'C67', 250, 500),
(159, 'HUDSON RIVER PARK RULES', 'UNAUTHORIZED AND NON-EMERGENCY REPAIR OF VESSELS', '751.8 (J)(2)', 'C68', 50, 200),
(160, 'HUDSON RIVER PARK RULES', 'FAILURE TO DEPOSIT GARBAGE IN DESIGNATED RECEPTACLES', '751.8 (J)(3)', 'C69', 50, 200),
(161, 'HUDSON RIVER PARK RULES', 'PROHIBITED USE / STORAGE OF WELDING MACHINERY', '751.8(J)(4)', 'C70', 50, 250),
(162, 'HUDSON RIVER PARK RULES', 'FAILURE TO MEET DOCKING REQUIREMENTS / ALTERING DOCKS', '751.8(L)(1)', 'C71', 50, 200),
(163, 'HUDSON RIVER PARK RULES', 'MOORING OF A VESSEL IN AN UNAUTHORIZED AREA', '751.8(L)(2)(I)', 'C72', 50, 200),
(164, 'HUDSON RIVER PARK RULES', 'MOORING OF A VESSEL WITH IMPROPER / INADEQUATE TIES', '751.8(L)(2)(II)', 'C73', 50, 200),
(165, 'HUDSON RIVER PARK RULES', 'IMPROPER MAINTENANCE OF VESSEL OR EQUIPMENT', '751.8(M)(1)', 'C74', 50, 200),
(166, 'HUDSON RIVER PARK RULES', 'UNAUTHORIZED STRUCTURAL MODIFICATION ON VESSEL', '751.8(M)(2)', 'C75', 500, 500),
(167, 'HUDSON RIVER PARK RULES', 'FAILURE TO POSSESS PROPER SAFETY EQUIPMENT ON VESSEL', '751.8(N)', 'C76', 50, 200),
(168, 'HUDSON RIVER PARK RULES', 'UNAUTHORIZED STORAGE OF DINGHIES, KAYAKS & CANOES', '751.8(O)', 'C77', 50, 250),
(169, 'HUDSON RIVER PARK RULES', 'UNAUTHORIZED BOAT LAUNCHING', '751.8(P)', 'C78', 50, 250),
(170, 'HUDSON RIVER PARK RULES', 'USE OF NON-MOTORIZED VESSELS IN RESTRICTED AREAS', '751.8 (Q)', 'C79', 50, 200),
(171, 'HUDSON RIVER PARK RULES', 'FAILURE TO COMPLY WITH SMOKING RESTRICTIONS', '751.6 (V)', 'C80', 50, 50),
(172, 'HUDSON RIVER PARK RULES', 'GEOCACHING/TREASURE-HUNTING WITHOUT A PERMIT', '751.7 (S)', 'C81', 25, 50),
(173, 'ANIMALS', 'EXHIBIT/DISPLAY EXOTIC/OTHER PROHIBITED ANIMALS W/OUT A VALID PERMIT', 'HEALTH CODE 161.01(A)(5)', 'H4V', 1000, 2000),
(174, 'ANIMALS', 'FAIL TO COMPLY W/ANIMAL EXHIBITION CONDITIONS IMPOSED BY COMMISSIONER', 'HEALTH CODE 161.01(A)(5)', 'H4W', 1000, 2000),
(175, 'ANIMALS', 'CONTROL OF DOGS AND OTHER ANIMALS TO PREVENT NUISANCE', 'HEALTH CODE 161.03', 'H61', 200, 400),
(176, 'ANIMALS', 'DOGS TO BE RESTRAINED', 'HEALTH CODE 161.05', 'H62', 200, 400),
(177, 'ANIMALS', 'DOG LICENSES-NO TAG ON COLLAR IN PUBLIC PLACES', 'HEALTH CODE 161.04', 'H63', 200, 400),
(178, 'ANIMALS', 'OWNING/HARBORING A DOG/CAT WHICH HAS NOT BEEN IMMUNIZED AGAINST RABIES', 'HEALTH CODE 11.29', 'H64', 500, 1000),
(179, 'BICYCLES', 'RIDING BICYCLE ON SIDEWALK WHICH ENDANGERS PERSON OR PROP (1ST OFF.)', 'ADMIN CODE  19-176(C)', 'D6G', 300, 500),
(180, 'BICYCLES', 'RIDING BICYCLE ON SIDEWALK WHICH ENDANGERS PERSON OR PROP(2ND OFF.)', 'ADMIN CODE 19-176(C)', 'D6H', 300, 600),
(181, 'BICYCLES', 'RIDING BICYCLE ON SIDEWALK-DANGEROUS CONTACT WITH PERSON/PROP(1ST OFF)', 'ADMIN CODE 19-176(C)', 'D6I', 250, 500),
(182, 'BICYCLES', 'RIDING BICYCLE ON SIDEWALK-DANGEROUS CONTACT WITH PERSON/PROP(2ND OFF)', 'ADMIN CODE  19-176(C)', 'D6J', 500, 500),
(183, 'BICYCLES', 'UNLAWFUL BICYCLE RIDING ON SIDEWALK', 'ADMIN CODE 19-176(b)', 'D62', 50, 100),
(184, 'COMMERCIAL BIKES', 'FAILURE TO PROPERLY EQUIP COMMERCIAL BICYCLE-1ST OFFENSE', 'ADMIN CODE 10-157', 'DF3', 100, 100),
(185, 'COMMERCIAL BIKES', 'FAILURE TO PROPERLY EQUIP COMMERCIAL BICYCLE-SUBSEQUENT OFFENSE', 'ADMIN CODE 10-157', 'DF4', 250, 250),
(186, 'COMMERCIAL BIKES', 'FAIL TO PRODUCE/MAINTAIN COMMERCIAL BIKE ROSTER 1ST OFFENSE', 'ADMIN CODE 10-157 (D)', 'DF5', 100, 100),
(187, 'COMMERCIAL BIKES', 'FAIL TO PRODUCE/MAINTAIN COMMERCIAL BIKE ROSTER-SUBSEQUENT OFFENSE', 'ADMIN CODE 10-157 (D)', 'DF6', 250, 250),
(188, 'COMMERCIAL BIKES', 'FAILURE TO PROPERLY EQUIP COMMERCIAL BICYCLE - 1ST OFFENSE', 'ADMIN CODE 10-157 (F)', 'DF7', 100, 100),
(189, 'COMMERCIAL BIKES', 'FAILURE TO PROPERLY EQUIP COMMERCIAL BICYCLE - SUBSEQUENT OFFENSE', 'ADMIN CODE 10-157 (F)', 'DF8', 250, 250),
(190, 'COMMERCIAL BIKES', 'FAIL TO POST COMM. BICYCLIST SAFETY POSTER WITH REQUIRED INFO -1ST OFF', 'ADMIN CODE 10-157.1', 'DF9', 100, 100),
(191, 'COMMERCIAL BIKES', 'FAIL POST COMM. BICYCLIST SAFETY POSTER WITH REQUIRED INFO. SUB.OFF', 'ADMIN CODE 10-157.1', 'DG1', 250, 250),
(192, 'COMMERCIAL BIKES', 'IMPROPER/MISSING I.D./RECORD/REPORT BICYCLE DELIVERY SERVICE', 'ADMIN CODE 10-157', 'X57', 100, 250),
(193, 'DOT RULES', 'VIOLATION OF NYC DOT PEDESTRIAN PLAZA RULES', '34 RCNY 4-16', 'DQ3', 500, 500),
(194, 'DOT RULES', 'USE/OPENING OF STREET W/O PERMIT', 'ADMIN CODE  19-102(I)', 'D01', 1500, 5000),
(195, 'DOT RULES', 'USE/OPENING OF PROTECTED STREET WITHOUT PERMIT', 'ADMIN CODE  19-102(I)', 'D02', 1800, 5000),
(196, 'DOT RULES', 'STREET CLOSING WITHOUT PERMIT', 'ADMIN CODE 19-107', 'D03', 1800, 5000),
(197, 'DOT RULES', 'VEHICLE(S) ON SIDEWALK', 'ADMIN CODE 19-136(b)', 'D6B', 50, 300),
(198, 'DOT RULES', 'WORKING W/O A PERMIT ON A CONTROLLED ACCESS HIGHWAY', 'ADMIN CODE  19-102(I)', 'D63', 4000, 5000),
(199, 'DOT RULES', 'FAIL TO COMPLY WITH TERMS OF PERMIT/CNTL\'D ACCESS H\'WAY', 'ADMIN CODE  19-102(II)', 'D64', 4000, 5000),
(200, 'DOT RULES', 'FAIL TO COMPLY WITH COMM. ORDER(ILLEGAL ENCROACHMENT/PROJECTION)', 'ADMIN CODE 19-150', 'D65', 250, 400),
(201, 'DOT RULES', 'GOODS, WARES, MERCHANDISE OBSTRUCTING SIDEWALK', 'ADMIN CODE  19-136', 'D66', 150, 500),
(202, 'HEALTH CODE', 'GARBAGE AND TRASH IMPROPERLY STORED', 'HEALTH CODE 81.37(K)', 'H07', 200, 400),
(203, 'HEALTH CODE', 'SMOKING,USE OF TOBACCO, OR SPITTING', 'HEALTH CODE 81.27', 'H08', 200, 400),
(204, 'HEALTH CODE', 'OPERATING MOBILE FOOD VENDING UNIT W/O PERMIT ON RESTRICTED/PRVT SPACE', 'HEALTH CODE 89.05(A)', 'H1I', 1000, 2000),
(205, 'HEALTH CODE', 'UNLICENSED VENDORS ON PRIVATE PROPERTY', 'HEALTH CODE 89.03(B)', 'H1J', 1000, 2000),
(206, 'HEALTH CODE', 'FAILURE TO EQUIP ICE CREAM TRUCK WITH WARNING BEEPERS AND SIGNAGE ARMS', 'HEALTH CODE 89.05(D)', 'H1U', 550, 1100),
(207, 'HEALTH CODE', 'OPERATING A MOBILE FOOD VENDING UNIT WITHOUT A LICENSE', 'HEALTH CODE 89.07(A)', 'H1V', 1000, 2000),
(208, 'HEALTH CODE', 'OPERATE MFVU W/O BADGE,LICENSE,PERMIT PAPER OR INSPECTION REPORT', 'HEALTH CODE 89.07(D)', 'H1W', 1000, 2000),
(209, 'HEALTH CODE', 'OPERATE MFVU IN AREA NOT AUTHORIZED BY PRIVATE/RESTRICTED AREA PERMIT', 'HEALTH CODE 89.13(J)', 'H1X', 1000, 2000),
(210, 'HEALTH CODE', 'GARBAGE AND TRASH IMPROPERLY STORED', 'HEALTH CODE 81.37(H)', 'H18', 100, 200),
(211, 'HEALTH CODE', 'OPERATING W/SUSPENDED, EXPIRED OR REVOKED PERMIT OR LICENCE', 'HEALTH CODE 89.13(E)', 'H2C', 1000, 2000),
(212, 'HEALTH CODE', 'FAILURE TO SURRENDER PERMIT OR LICENSE', 'HEALTH CODE 89.13(F)', 'H2D', 1000, 2000),
(213, 'HEALTH CODE', 'ALLOWING UNLICENSED PERSON TO VEND', 'HEALTH CODE 89.13(G)', 'H2E', 1000, 2000),
(214, 'HEALTH CODE', 'UNLICENSED MOBILE FOOD VENDING', 'HEALTH CODE 89.03', 'H21', 500, 1000),
(215, 'HEALTH CODE', 'MOBILE FOOD VENDING, RESTRICTED AREA', 'HEALTH CODE 89.09', 'H22', 0, 0),
(216, 'HEALTH CODE', 'FAILURE TO REMOVE LOCKING DEVICE FROM DISCARDED REFRIGERATOR', 'HEALTH CODE 131.13(C)', 'H30', 200, 400),
(217, 'HEALTH CODE', 'LITTERING ON PUBLIC TRANSPORT FACILITY', 'HEALTH CODE 139.05', 'H32', 200, 400),
(218, 'HEALTH CODE', 'SMOKING ON PUBLIC TRANSPORT FACILITY', 'HEALTH CODE 139.07(A)', 'H33', 200, 400),
(219, 'INTER-CITY BUSES', 'UNAUTHORIZED PASSENGER PICKUP OR DISCHARGE - 1ST OFFENSE', '34 RCNY 4-10(C)(1)', 'DP1', 500, 500),
(220, 'INTER-CITY BUSES', 'UNAUTHORIZED PASSENGER PICKUP OR DISCHARGE-2ND/SUBSEQUENT OFFENSE', '34 RCNY 4-10(C)(1)', 'DP2', 2500, 2500),
(221, 'INTER-CITY BUSES', 'FAILURE TO DISPLAY INTERCITY BUS PERMIT- 1ST OFFENSE', '34 RCNY 4-10(D)(7)(II)', 'DP3', 500, 500),
(222, 'INTER-CITY BUSES', 'FAILURE TO DISPLAY INTERCITY BUS PERMIT- 2ND/SUBSEQUENT OFFENSE', '34 RCNY 4-10(D)(7)(II)', 'DP4', 2500, 2500),
(223, 'INTER-CITY BUSES', 'FAILURE TO DISPLAY OPERATOR INFORMATION-1ST OFFENSE', '34 RCNY 4-10(D)(7)(III)', 'DP5', 500, 500),
(224, 'INTER-CITY BUSES', 'FAILURE TO DISPLAY OPERATOR INFORMATION-2ND/SUBSEQUENT OFFENSE', '34 RCNY 4-10(D)(7)(III)', 'DP6', 2500, 2500),
(225, 'INTER-CITY BUSES', 'UNLAWFUL STOPPING OR STANDING - 1ST OFFENSE', '34 RCNY 4-10(D)(7)(V)', 'DP7', 500, 500),
(226, 'INTER-CITY BUSES', 'UNLAWFUL STOPPING OR STANDING-2ND/SUBSEQUENT OFFENSE', '34 RCNY 4-10(D)(7)(V)', 'DP8', 2500, 2500),
(227, 'INTER-CITY BUSES', 'ALTERING AN INTERCITY BUS PERMIT-1ST OFFENSE', '34 RCNY 4-10(D)(7)(VI)', 'DP9', 500, 500),
(228, 'INTER-CITY BUSES', 'ALTERING AN INTERCITY BUS PERMIT-2ND/SUBSEQUENT OFFENSE', '34 RCNY 4-10(D)(7)(VI)', 'DQ1', 2500, 2500),
(229, 'MISCELLANEOUS', 'ABANDONING VEHICLE', 'VTL 1224(7)', 'V01', 250, 1000),
(230, 'MISCELLANEOUS', 'ILLEGAL PLACEMENT POSTERS/STICKERS ON WINDSHIELDS / WIPERS ON VEHICLES', 'VTL 375(1)(B)', 'V02', 75, 100),
(231, 'MISCELLANEOUS', '2ND OFF. PLACE. POSTER/STICKER ON WINDSHIELD/UNDER WIPERS ON VEHICLES', 'VTL 375(1)(B)', 'V03', 150, 200),
(232, 'MISCELLANEOUS', 'UNLAWFUL DEFACEMENT OF PROPERTY BY GRAFFITI', 'ADMIN CODE 10-117(A)', 'X01', 100, 500),
(233, 'MISCELLANEOUS', 'UNLAWFUL POSSESSION OF AEROSOL SPRAY PAINT CAN/INDELIBLE MARKER', 'ADMIN CODE 10-117(B)', 'X02', 100, 500),
(234, 'MISCELLANEOUS', 'OFFER/SALE OF AEROSOL SPRAY PAINT CAN/INDELIBLE MARKER TO MINOR', 'ADMIN CODE 10-117(C)', 'X03', 100, 500),
(235, 'MISCELLANEOUS', 'UNLAWFUL DISPLAY OF AEROSOL SPRAY PAINT CAN/INDELIBLE MARKER', 'ADMIN CODE 10-117(D)', 'X04', 100, 500),
(236, 'MISCELLANEOUS', 'USE OR DISCHARGE OF FIREWORKS WITHOUT PERMIT', 'ADMIN CODE 29-109.2.4', 'X05', 750, 750),
(237, 'MISCELLANEOUS', 'FAILURE TO REMOVE GRAFFITI', 'ADMIN CODE 10-117.3(B)', 'X06', 150, 300),
(238, 'MISCELLANEOUS', 'PARTICIPATION IN PROCESSION, PARADE, RACE W/O PERMIT', 'ADMIN CODE 10-110(c)', 'X10', 25, 25),
(239, 'MISCELLANEOUS', 'UNLAWFUL PARKING OF MOTOR VEHICLE IN VACANT LOT W/NO DRIVEWAY', 'ADMIN CODE 10-113', 'X13', 50, 50),
(240, 'MISCELLANEOUS', 'ILLEGAL POSTING OF HANDBILL/NOTICE TO A TREE BY NAILING OR PIERCING', 'ADMIN CODE 10-119', 'X3T', 150, 200),
(241, 'MISCELLANEOUS', 'OPERATION OF MOTORIZED SCOOTER WITHIN THE CITY OF NEW YORK', 'ADMIN CODE 19-176.2(B)', 'DQ2', 500, 500),
(242, 'NEWSSTANDS', 'NEWS RACK PLACED IN AN IMPROPER MANNER', '34 RCNY 2-08(B)(1)', 'DN0', 250, 500),
(243, 'NEWSSTANDS', 'MULTIPLE-VENDING NEWS RACK BOLTED TO DISTINCTIVE SIDEWALK', '34 RCNY 2-08(B)(2)', 'DN1', 250, 500),
(244, 'NEWSSTANDS', 'FAILURE TO REPAIR SIDEWALK SUBSEQUENT TO NEWS RACK REMOVAL', '34 RCNY 2-08(B)(3)', 'DN2', 250, 500),
(245, 'NEWSSTANDS', 'FAILURE TO NOTIFY DOT OF NEWS RACK LOCATIONS', '34 RCNY 2-08(B)(4)', 'DN3', 250, 500),
(246, 'NEWSSTANDS', 'INSTALLATION/USE/MAINTENANCE OF NEWS RACK IN UNLAWFUL LOCATIONS', '34 RCNY 2-08(C)', 'DN4', 250, 500),
(247, 'NEWSSTANDS', 'IMPROPER SIZE, SHAPE OR APPEARANCE', '34 RCNY 2-08(D)', 'DN5', 100, 500),
(248, 'NEWSSTANDS', 'NEWS RACK IMPROPERLY MAINTAINED', '34 RCNY 2-08(E)', 'DN6', 100, 500),
(249, 'NOISE CODE', 'EXCESSIVE NOISE, SOUND SOURCE@COMMERCIAL OR BUSINESS ESTABLISHMENT', 'ADMIN CODE 24-232(A)', 'N28', 560, 1400),
(250, 'NOISE CODE', 'EXCESSIVE NOISE, SOUND SOURCE@COMMERCIAL OR BUSINESS ESTABLISHMENT-2ND', 'ADMIN CODE 24-232(A)', 'N29', 1120, 2800),
(251, 'NOISE CODE', 'EXCESSIVE NOISE, SOUND SOURCE@COMMERCIAL OR BUSINESS ESTABLISHMENT-3RD', 'ADMIN CODE 24-232(A)', 'N30', 1680, 4200),
(252, 'NOISE CODE', 'UNREASONABLE NOISE:PERSONAL AUDIO DEVICE', 'ADMIN CODE 24-233(A)', 'N31', 70, 175),
(253, 'NOISE CODE', 'UNREASONABLE NOISE: PERSONAL AUDIO DEVICE-2ND', 'ADMIN CODE 24-233(A)', 'N32', 140, 350),
(254, 'NOISE CODE', 'UNREASONABLE NOISE:PESONAL AUDIO DEVICE-3RD', 'ADMIN CODE 24-233(A)', 'N33', 210, 525),
(255, 'NOISE CODE', 'UNREASONABLE NOISE - PERSONAL AUDIO DEVICE (PUBLIC RIGHT-OF-WAY)', 'ADMIN CODE 24-233(B)(1)', 'N34', 140, 175),
(256, 'NOISE CODE', 'UNREASONBLE NOISE - PERSONAL AUDIO DEVICE (PUBLIC RIGHT-OF-WAY)-2ND', 'ADMIN CODE 24-233(B)(1)', 'N35', 280, 350),
(257, 'NOISE CODE', 'UNREASONABLE NOISE - PERSONAL AUDIO DEVICE (PUBLIC RIGHT-OF-WAY)-3RD', 'ADMIN CODE 24-233(B)(1)', 'N36', 420, 525),
(258, 'NOISE CODE', 'UNREASONABLE NOISE - PERSONAL AUDIO DEVICE (MOTOR VEHICLE)', 'ADMIN CODE 24-233(B)(2)', 'N37', 140, 350),
(259, 'NOISE CODE', 'UNREASONABLE NOISE - PERSONAL AUDIO DEVICE (MOTOR VEHICLE)-2ND', 'ADMIN CODE 24-233(B)(2)', 'N38', 280, 700),
(260, 'NOISE CODE', 'UNREASONABLE NOISE - PERSONAL AUDIO DEVICE (MOTOR VEHICLE)-3RD', 'ADMIN CODE 24-233(B)(2)', 'N39', 420, 1050),
(261, 'NOISE CODE', 'EXCESS NOISE SOUND REPRO DEVICE ON RAPID TRANSIT (SUBWAY,BUS,FERRY)', 'ADMIN CODE 24-234', 'N40', 70, 175),
(262, 'NOISE CODE', 'EXCESS NOISE,SOUND REPRO DEVICE ON RAPID TRANSIT (SUBWAY,BUS,ETC)-3RD', 'ADMIN CODE 24-234', 'N41', 140, 350),
(263, 'NOISE CODE', 'EXCESS NOISE,SOUND REPRO DEVICE ON RAPID TRANSIT (SUBWAY,BUS,ETC)-3RD', 'ADMIN CODE 24-234', 'N42', 210, 525),
(264, 'NOISE CODE', 'PERMITTING ANIMAL TO CAUSE UNREASONABLE NOISE', 'ADMIN CODE 24-235', 'N43', 70, 175),
(265, 'NOISE CODE', 'PERMITTING ANIMAL TO CAUSE UNREASONABLE NOISE -2ND', 'ADMIN CODE 24-235', 'N44', 140, 350),
(266, 'NOISE CODE', 'PERMITTING ANIMAL TO CAUSE UNREASONABLE NOISE - 3RD', 'ADMIN CODE 24-235', 'N45', 210, 525),
(267, 'NOISE CODE', 'EXCESS NOISE FROM MOTOR VEHICLES (10,000 LBS OR LESS)', 'ADMIN CODE 24-236(A)', 'N46', 210, 525),
(268, 'NOISE CODE', 'EXCESS NOISE FROM MOTOR VEHICLES (10,000 LBS OR LESS)-2ND', 'ADMIN CODE 24-236(A)', 'N47', 420, 1050),
(269, 'NOISE CODE', 'EXCESS NOISE FROM MOTOR VEHICLES (10,000 LBS OR LESS)-3RD', 'ADMIN CODE 24-236(A)', 'N48', 840, 1575),
(270, 'NOISE CODE', 'EXCESS NOISE FROM MOTORCYCLES', 'ADMIN CODE 24-236(B)', 'N49', 880, 1440),
(271, 'NOISE CODE', 'NOISE FROM SOUND DEVICE EXCEEDING PERMIT LIMITS - 1ST OFFENSE', 'ADMIN CODE 10-108', 'N50', 250, 250),
(272, 'NOISE CODE', 'NOISE FROM SOUND DEVICE EXCEEDING PERMIT LIMITS - 2ND OFFENSE', 'ADMIN CODE 10-108', 'N51', 500, 500),
(273, 'NOISE CODE', 'NOISE FROM SOUND DEVICE EXCEEDING PERMIT LIMITS - 3RD OFFENSE', 'ADMIN CODE 10-108', 'N52', 750, 750),
(274, 'NOISE CODE', 'NOISE FROM SOUND DEVICE EXCEEDING PERMIT LIMITS - 4TH OFFENSE', 'ADMIN CODE 10-108', 'N53', 1000, 1000),
(275, 'NOISE CODE', 'EXCESS NOISE FROM MOTORCYCLES-2ND', 'ADMIN CODE 24-236(B)', 'N54', 1720, 2800),
(276, 'NOISE CODE', 'EXCESS NOISE FROM MOTORCYCLES-3RD', 'ADMIN CODE 24-236(B)', 'N55', 2600, 4200),
(277, 'NOISE CODE', 'EXCESS NOISE FROM MOTOR VEHICLES (10,000 LBS OR GREATER)', 'ADMIN CODE 24-236(C)', 'N56', 880, 1440),
(278, 'NOISE CODE', 'EXCESS NOISE FROM MOTOR VEHICLES (10,000 LBS OR GREATER)-2ND', 'ADMIN CODE 24-236(C)', 'N57', 1720, 2800),
(279, 'NOISE CODE', 'EXCESS NOISE FROM MOTOR VEHICLES (10,000 LBS OR GREATER)-3RD', 'ADMIN CODE 24-236(C)', 'N58', 2600, 4200),
(280, 'NOISE CODE', 'UNAUTHORIZED USE OF MOTOR VEHICLE CLAXON', 'ADMIN CODE 24-237(A)', 'N59', 350, 1000),
(281, 'NOISE CODE', 'UNAUTHORIZED USE OF MOTOR VEHICLE CLAXON-2ND', 'ADMIN CODE 24-237(A)', 'N60', 700, 2000),
(282, 'NOISE CODE', 'UNAUTHORIZED USE OF MOTOR VEHICLE CLAXON-3RD', 'ADMIN CODE 24-237(A)', 'N61', 1050, 3000),
(283, 'NOISE CODE', 'UNAUTHORIZED USE OF MOTOR VEHICLE CLAXON', 'ADMIN CODE 24-237(B)', 'N62', 350, 875),
(284, 'NOISE CODE', 'UNAUTHORIZED USE OF MOTOR VEHICLE AIR HORN/GONG-2ND', 'ADMIN CODE 24-237(B)', 'N63', 700, 1750),
(285, 'NOISE CODE', 'UNAUTHORIZED USE OF MOTOR VEHICLE AIR HORN/GONG-3RD', 'ADMIN CODE 24-237(B)', 'N64', 1050, 2625),
(286, 'NOISE CODE', 'IMPROPER USE OF SOUND SIGNAL DEVICE (FOOD VENDOR)', 'ADMIN CODE 24-237(D)', 'N65', 350, 1000),
(287, 'NOISE CODE', 'IMPROPER USE OF SOUND SIGNAL DEVICE (FOOD VENDOR)-2ND', 'ADMIN CODE 24-237(D)', 'N66', 700, 2000),
(288, 'NOISE CODE', 'IMPROPER USE OF SOUND SIGNAL DEVICE (FOOD VENDOR)-3RD', 'ADMIN CODE 24-237(D)', 'N67', 1050, 3000),
(289, 'NOISE CODE', 'IMPROPER AUDIBLE BURGLAR ALARM WITH NO AUTOMATIC TERMINATION', 'ADMIN CODE 24-238(A)', 'N68', 280, 700),
(290, 'NOISE CODE', 'IMPROPER AUDIBLE BURGLAR ALARM/NO AUTOMATIC TERMINATION-2ND', 'ADMIN CODE 24-238(A)', 'N69', 560, 1400),
(291, 'NOISE CODE', 'IMPROPER AUDIBLE BURGLAR ALARM/NO AUTOMATIC TERMINATION-3RD', 'ADMIN CODE 24-238(A)', 'N70', 840, 2100),
(292, 'NOISE CODE', 'AUDIBLE STATUS INDICATOR ON MOTOR VEHICLE IN OPERATION', 'ADMIN CODE 24-238(B)', 'N71', 280, 700),
(293, 'NOISE CODE', 'AUDIBLE STATUS INDICATOR ON MOTOR VEHICLE IN OPERATION-2ND', 'ADMIN CODE 24-238(B)', 'N72', 560, 1400),
(294, 'NOISE CODE', 'AUDIBLE STATUS INDICATOR ON MOTOR VEHICLE IN OPERATION-3RD', 'ADMIN CODE 24-238(B)', 'N73', 840, 2100),
(295, 'RIGHT OF WAY & LEAVING THE SCENE', 'RIGHT OF WAY - FAILURE TO YIELD', 'ADMIN CODE    19-190(A)', 'D6K', 100, 100),
(296, 'RIGHT OF WAY & LEAVING THE SCENE', 'RIGHT OF WAY - FAILURE TO YIELD, PHYSICAL INJURY', 'ADMIN CODE    19-190(B)', 'D6L', 250, 250),
(297, 'RIGHT OF WAY & LEAVING THE SCENE', 'LEAVING THE SCENE - PROPERTY DAMAGE', 'ADMIN CODE    19-191(A)', 'D6M', 500, 500),
(298, 'RIGHT OF WAY & LEAVING THE SCENE', 'LEAVING THE SCENE - PHYSICAL INJURY', 'ADMIN CODE    19-191(B)', 'D6N', 2000, 2000),
(299, 'RIGHT OF WAY & LEAVING THE SCENE', 'LEAVING THE SCENE - SERIOUS PHYSICAL INJURY', 'ADMIN CODE    19-191(B)', 'D6P', 10000, 10000),
(300, 'RIGHT OF WAY & LEAVING THE SCENE', 'LEAVING THE SCENE - DEATH', 'ADMIN CODE    19-191(B)', 'D6Q', 10000, 10000),
(301, 'SANITATION RULES', 'ILLEGAL POSTING OF HANDBILL/NOTICE', 'ADMIN CODE 10-119', 'SH9', 75, 200),
(302, 'SANITATION RULES', 'ILLEGAL POSTING DEFACEMENT OF HANDBILL 2ND OFFENSE', 'ADMIN CODE 10-119', 'SJ1', 150, 300),
(303, 'SANITATION RULES', 'ILLEGAL PLACEMENT OF STICKERS OR DECALS ON PUBLIC OR PRIVATE PROPERTY', 'ADMIN CODE 10-117(A)', 'SJ2', 150, 500),
(304, 'SANITATION RULES', 'POSTING ON TREE 1ST OFFENSE', 'ADMIN CODE 10-119', 'SJ3', 150, 200),
(305, 'SANITATION RULES', 'POSTING ON TREE 2ND OFFENSE', 'ADMIN CODE 10-119', 'SJ4', 300, 550),
(306, 'SANITATION RULES', 'REMOVAL & TRANSPORT OF RESIDENTIAL RECYCLABLE MATERIAL (OPERATOR)-1ST', 'ADMIN CODE 16-461(A)(1)', 'SJ5', 500, 500),
(307, 'SANITATION RULES', 'REMOVAL & TRANSPORT OF RESIDENTIAL RECYCLABLE MATERIAL (OPERATOR)-2ND', 'ADMIN CODE 16-461(A)(1)', 'SJ6', 750, 750),
(308, 'SANITATION RULES', 'REMOVAL & TRANSPORT OF RESIDENTIAL RECYCLABLE MATERIAL (OPERATOR)-3RD', 'ADMIN CODE 16-461(A)(1)', 'SJ7', 1000, 1000),
(309, 'SANITATION RULES', 'REMOVAL&TRANSPORT OF RESIDENTIAL RECYCLABLE MATERIAL(OWNER-AFFIDAVIT)1', 'ADMIN CODE 16-461(A)(1)', 'SM9', 500, 500),
(310, 'SANITATION RULES', 'REMOVAL&TRANSPORT OF RESIDENTIAL RECYCLABLE MATERIAL(OWNER-AFFIDAVIT)2', 'ADMIN CODE 16-461(A)(1)', 'SN1', 750, 750),
(311, 'SANITATION RULES', 'REMOVAL&TRANSPORT OF RESIDENTIAL RECYCLABLE MATERIAL(OWNER-AFFIDAVIT)3', 'ADMIN CODE 16-461(A)(1)', 'SN2', 1000, 1000),
(312, 'SANITATION RULES', 'REMOVAL&TRANSPORT OF COMMERCIAL RECYCLABLE MATERIAL(OWNER-AFFIDAVIT)-1', 'ADMIN CODE 16-461(C)', 'SN3', 1000, 1000),
(313, 'SANITATION RULES', 'REMOVAL&TRANSPORT OF COMMERCIAL RECYCLABLE MATERIAL(OWNER-AFFIDAVIT)-2', 'ADMIN CODE 16-461(C)', 'SN4', 2000, 2000),
(314, 'SANITATION RULES', 'REMOVAL& TRANSPORT OF COMMERICAL RECYCLABLE MATERIAL (OWNER)-1ST', 'ADMIN CODE 16-461(C)', 'SN6', 1000, 1000),
(315, 'SANITATION RULES', 'REMOVAL& TRANSPORT OF COMMERICAL RECYCLABLE MATERIAL (OWNER)-2ND', 'ADMIN CODE 16-461(C)', 'SN7', 2000, 2000),
(316, 'SANITATION RULES', 'UNLAWFUL RECEIPT OF RECYCLABLE MATERIALS - 1ST', 'ADMIN CODE 16-463(B)', 'SN8', 1000, 1000),
(317, 'SANITATION RULES', 'UNLAWFUL RECEIPT OF RECYCLABLE MATERIALS -2ND', 'ADMIN CODE 16-463(B)', 'SN9', 2000, 2000),
(318, 'SANITATION RULES', 'USING VEHICLE TO ACCEPT/RECEIVE/COLLECT BULK RECYCLABLES-OPERATOR', 'ADMIN CODE 16-471(A)', 'SQ5', 1000, 1000),
(319, 'SANITATION RULES', 'USING VEHICLE TO ACCEPT/RECEIVE/COLLECT BULK RECYCLABLES-OWNER', 'ADMIN CODE 16-471', 'SQ6', 1000, 1000),
(320, 'SANITATION RULES', 'UNLAWFUL TRANSFER OF BULK RECYCLABLES (VEHICLE W/COMM.PLATE)-OWNER', 'ADMIN CODE 16-471', 'SQ7', 1000, 1000),
(321, 'SANITATION RULES', 'UNLAWFUL TRANSFER OF BULK RECYCLABLES(VEHICLE W/COMM. PLATE)-OPERATOR', 'ADMIN CODE 16-471(B)', 'SQ8', 1000, 1000),
(322, 'SANITATION RULES', 'REMOVAL OF COMMERCIAL WASTE', 'ADMIN CODE 16-116(A)', 'S01', 100, 100),
(323, 'SANITATION RULES', 'POSTING OF SIGN/PERMIT, WASTE REMOVAL', 'ADMIN CODE 16-116(B)', 'S02', 100, 100),
(324, 'SANITATION RULES', 'REMOVED RECYLABLBES FROM RESIDENCE/VACANT LOT USING MTR VEHICLE(OWNER)', 'ADMIN CODE 16-118(7)(F)(1)(I)', 'S1E', 2000, 2000),
(325, 'SANITATION RULES', 'REMOVED RECYCLABLES FRM RESIDNCE/VACNT LOT USING MTR VEHICLE(OPERATOR)', 'ADMIN CODE 16-118(7)(B)(1)', 'S1F', 2000, 2000),
(326, 'SANITATION RULES', 'UNAUTHORIZED DISTURBANCE OR REMOVAL OF SOLID WASTE', 'ADMIN CODE 16-118(7)(B)(3)', 'S1J', 100, 300),
(327, 'SANITATION RULES', 'REMOVED RECYCLABLES FROM COMMERCIAL PREMISES USING A MOTOR VEHICLE', 'ADMIN CODE 16-118(7)(F)(1)(I)', 'S1K', 2000, 2000),
(328, 'SANITATION RULES', 'REMOVED RECYCLABLES FROM COMMERCIAL PREMISES USING A MOTOR VEHICLE', 'ADMIN CODE 16-118(7)(C)', 'S1L', 2000, 5000),
(329, 'SANITATION RULES', 'RECEIVED RECYCLABLES FOR STORAGE/COLLECTION ETC., BY UNAUTH PERSONS', 'ADMIN CODE 16-118(7)(D)', 'S1M', 2000, 2000),
(330, 'SANITATION RULES', 'NOXIOUS LIQUIDS', 'ADMIN CODE 16-118(6)', 'S10', 100, 450),
(331, 'SANITATION RULES', 'UNAUTHORIZED DISTURBANCE OR REMOVAL OF RECYCLABLE MATERIALS-NO VEHICLE', 'ADMIN CODE 16-118(7)(B)(1)', 'S12', 100, 300),
(332, 'SANITATION RULES', 'ILLEGAL DUMPING (OPERATOR OF VEHICLE) - 1ST AND 2ND OFFENSE', 'ADMIN CODE 16-119', 'S13', 10000, 10000),
(333, 'SANITATION RULES', 'ILLEGAL DUMPING (OWNER OF VEHICLE) 1ST AND 2ND OFFENSE', 'ADMIN CODE 16-119', 'S14', 10000, 10000),
(334, 'SANITATION RULES', 'ILLEGAL DUMPING (CITIZEN COMPLAINT) - 1ST AND 2ND  OFFENSE', 'ADMIN CODE 16-119', 'S15', 10000, 10000),
(335, 'SANITATION RULES', 'REMOVED RECYCLABLES FROM RESIDENCE/VACANT LOT USING MOTOR VEHICLE-2ND', 'ADMIN CODE 16-118(7)(F)(1)(I)', 'S2E', 5000, 5000),
(336, 'SANITATION RULES', 'REMOVED RECYCLABLES FROM RESIDENCE/VACANT LOT USING MOTOR VEHICLE-2ND', 'ADMIN CODE 16-118(7)(B)(1)', 'S2F', 5000, 5000),
(337, 'SANITATION RULES', 'REMOVED RECYCLABLES FROM COMMERCIAL PREMISES USING A MOTOR VEHICLE-2ND', 'ADMIN CODE 16-118(7)(F)(1)(I)', 'S2K', 5000, 5000),
(338, 'SANITATION RULES', 'REMOVED RECYCLABLES FROM COMMERCIAL PREMISES USING A MOTOR VEHICLE-2ND', 'ADMIN CODE 16-118(7)(C)', 'S2L', 5000, 5000),
(339, 'SANITATION RULES', 'RECEIVED RECYCLABLES FOR STORAGE/COLLECTION ETC. BY UNAUTH PERSONS-2ND', 'ADMIN CODE 16-118(7)(D)', 'S2M', 5000, 5000),
(340, 'SANITATION RULES', 'POSTING OF SIGN/PERMIT-REPEAT VIOLATOR 2ND/SUBSEQUENT', 'ADMIN CODE 16-116(B)', 'S2N', 100, 100),
(341, 'SANITATION RULES', 'STREET OBSTRUCTION - MOVABLE PROPERTY', 'ADMIN CODE 16-122(B)', 'S23', 100, 150),
(342, 'SANITATION RULES', 'DISABLED VEHICLE', 'ADMIN CODE 16-122(C)', 'S24', 100, 150),
(343, 'SANITATION RULES', 'LITTERING, SECOND OFFENSE', 'ADMIN CODE 16-118(1)', 'S3A', 250, 450),
(344, 'SANITATION RULES', 'LITTERING, THIRD OFFENSE', 'ADMIN CODE 16-118(1)', 'S3B', 350, 450),
(345, 'SANITATION RULES', 'POSTING ON TREE 2ND OFFENSE', 'ADMIN CODE 10-119', 'S3P', 300, 550),
(346, 'SANITATION RULES', 'POSTING ON TREE 1ST OFFENSE', 'ADMIN CODE 10-119', 'S3T', 150, 200),
(347, 'SANITATION RULES', 'ILLEGAL POSTING OF HANDBILL/NOTICE', 'ADMIN CODE 10-119', 'S30', 75, 200),
(348, 'SANITATION RULES', 'DEFACEMENT OF CITY HANDBILL/NOTICE', 'ADMIN CODE 10-120', 'S31', 75, 200),
(349, 'SANITATION RULES', 'ILLEGAL POSTING/DEFACEMENT OF HANDBILL 2ND OFFENSE', 'ADMIN CODE 10-119/120', 'S32', 150, 300),
(350, 'SANITATION RULES', 'ILLEGAL PLACEMENT OF STICKERS OR DECALS ON PUBLIC OR PRIVATE PROPERTY', 'ADMIN CODE 10-117(A)', 'S33', 150, 500),
(351, 'VEHICLE IDLING', 'IDLING OF MOTOR VEHICLE ENGINE MORE THAN THREE MINUTES 2ND', 'ADMIN CODE   24-163', 'E1E', 440, 1500),
(352, 'VEHICLE IDLING', 'IDLING OF MOTOR VEHICLE ENGINE OVER THREE MINUTES 3RD & SUB', 'ADMIN CODE  24-163', 'E1F', 600, 2000),
(353, 'VEHICLE IDLING', 'IDLING OF MOTOR VEHICLE ENGINE OVER THREE MINUTES (NON DIESEL) 2ND', 'ADMIN CODE  24-163', 'E1G', 460, 1500),
(354, 'VEHICLE IDLING', 'IDLING OF MOTOR VEHICLE ENGINE OVER THREE MINUTES (NON DIESEL) 3RD', 'ADMIN CODE  24-163', 'E1H', 620, 2000),
(355, 'VEHICLE IDLING', 'IDLING OF MOTOR VEHIC ENGIN OVER 1 MIN WHILE ADJACENT TO SCHOOL 1ST', 'ADMIN CODE 24-163(F)', 'E1I', 350, 1000),
(356, 'VEHICLE IDLING', 'IDLING OF MOTOR VEHICLE ENGINE OVER 1MIN WHILE ADJACENT TO SCHOOL 2ND', 'ADMIN CODE 24-163(F)', 'E1J', 440, 1500),
(357, 'VEHICLE IDLING', 'IDLING MOTOR VEHICLE ENGINE OVER 1MIN WHILE ADJACENT TO SCHOOL 3RD&SUB', 'ADMIN CODE 24-163(F)', 'E1K', 600, 2000),
(358, 'VEHICLE IDLING', 'IDLIN MOTOR VEHIC ENGIN OVER 1 MIN WHILE ADJA TO SCHOOL(NON-DIESEL)1ST', 'ADMIN CODE 24-163(F)', 'E1L', 300, 1000),
(359, 'VEHICLE IDLING', 'IDLIN  MOTOR VEHIC ENGIN OVER 1MIN WHILE ADJA TO SCHOOL(NON-DIESEL)2ND', 'ADMIN CODE 24-163(F)', 'E1M', 460, 1500),
(360, 'VEHICLE IDLING', 'IDLIN MOTOR VEHIC ENGIN OVER 1MIN WHILE ADJA TO SCHOOL(NON-DIESEL)3RD&', 'ADMIN CODE 24-163(F)', 'E1N', 620, 2000),
(361, 'VEHICLE IDLING', 'IDLING OF MOTOR VEHICLE ENGINE MORE THAN THREE MINUTES 1ST OFF', 'ADMIN CODE  24-163', 'E51', 350, 1000),
(362, 'VEHICLE IDLING', 'EMISSION OF AIR CONTAMINANT, VEHICLE (NON-DIESEL)', 'ADMIN CODE 24-143', 'E87', 300, 875),
(363, 'VEHICLE IDLING', 'IDLING OF MOTOR VEHICLE ENGINE OVER THREE MINUTES (NON DIESEL)', 'ADMIN CODE  24-163', 'E88', 300, 1000),
(364, 'VENDOR LAWS/ GENERAL VENDING', 'UNLICENSED GENERAL VENDOR', 'ADMIN CODE 20-453', 'G01', 250, 1000),
(365, 'VENDOR LAWS/ GENERAL VENDING', 'FAILURE TO CARRY AND EXHIBIT LICENSE ON DEMAND', 'ADMIN CODE 20-461(A)', 'G02', 0, 0),
(366, 'VENDOR LAWS/ GENERAL VENDING', 'FAILURE TO WEAR LICENSE WHILE VENDING', 'ADMIN CODE 20-461(B)', 'G03', 0, 0),
(367, 'VENDOR LAWS/ GENERAL VENDING', 'FAILURE TO NOTIFY DCA OF CHANGE OF INFORMATION ON LICENSE APPLICATION', 'ADMIN CODE 20-462', 'G04', 0, 0),
(368, 'VENDOR LAWS/ GENERAL VENDING', 'FAILURE TO KEEP OR PRODUCE REQUIRED WRITTEN RECORDS', 'ADMIN CODE 20-463', 'G05', 0, 0),
(369, 'VENDOR LAWS/ GENERAL VENDING', 'VENDING ON SIDEWALK LESS THAN 12 FT. WIDE, OR NOT AT CURB', 'ADMIN CODE 20-465(A)', 'G11', 0, 0),
(370, 'VENDOR LAWS/ GENERAL VENDING', 'USING MORE THAN 8FT. PARALLEL TO OR 3FT. FROM CURB', 'ADMIN CODE 20-465(B)', 'G12', 0, 0),
(371, 'VENDOR LAWS/ GENERAL VENDING', 'STAND OR GOODS TOUCHING/LEANING AGAINST BUILDING', 'ADMIN CODE 20-465(C)', 'G13', 0, 0),
(372, 'VENDOR LAWS/ GENERAL VENDING', 'STAND AGAINST DISPLAY WINDOW/20 FT. ENTRANCE/20 FT. FROM EXITS', 'ADMIN CODE 20-465(D)', 'G14', 0, 0),
(373, 'VENDOR LAWS/ GENERAL VENDING', 'VEND IN BUS STOP NEXT TO HOSPITAL OR W/IN 10 FT OF DRIVE/SUBWAY/CORNER', 'ADMIN CODE 20-465(E)', 'G15', 0, 0),
(374, 'VENDOR LAWS/ GENERAL VENDING', 'VIOLATION OF PARKING RULES AND REGULATIONS', 'ADMIN CODE 20-465(F)', 'G16', 0, 0),
(375, 'VENDOR LAWS/ GENERAL VENDING', 'VENDING IN PROHIBITED ZONE', 'ADMIN CODE 20-465(G)', 'G17', 0, 0),
(376, 'VENDOR LAWS/ GENERAL VENDING', 'VENDING ON MEDIAN STRIP NOT INTENDED FOR MALL OR PLAZA', 'ADMIN CODE 20-465(I)', 'G18', 0, 0),
(377, 'VENDOR LAWS/ GENERAL VENDING', 'VENDING WITHIN PARK JURISDICTION WITHOUT COMMISSIONER APPROVAL', 'ADMIN CODE 20-465(J)', 'G19', 0, 0),
(378, 'VENDOR LAWS/ GENERAL VENDING', 'FAILURE TO MOVE AFTER NOTICE OF EXIGENT CIRCUMSTANCES GIVEN', 'ADMIN CODE 20-465(K)', 'G20', 0, 0),
(379, 'VENDOR LAWS/ GENERAL VENDING', 'VENDING AT TIMES/PLACES RESTRICTED BY RULE OF VENDOR REV. PANEL', 'ADMIN CODE 20-465.1', 'G21', 0, 0),
(380, 'VENDOR LAWS/ GENERAL VENDING', 'TRANSFER OF GOODS/VEHICLE/STAND TO UNLICENSED GENERAL VENDOR', 'ADMIN CODE 20-466', 'G22', 0, 0),
(381, 'VENDOR LAWS/ GENERAL VENDING', 'VENDING OVER VENTILATION GRILL, CELLAR DOOR, MANHOLE, ETC.', 'ADMIN CODE 20-465(M)', 'G23', 0, 0),
(382, 'VENDOR LAWS/ GENERAL VENDING', 'DISPLAY OF MERCHANDISE ON SIDEWALK OR IMPROPER STAND', 'ADMIN CODE 20-465(N)', 'G24', 0, 0),
(383, 'VENDOR LAWS/ GENERAL VENDING', 'VENDING FROM PARKED MOTOR VEHICLE', 'ADMIN CODE 20-465(O)', 'G25', 0, 0),
(384, 'VENDOR LAWS/ GENERAL VENDING', 'ILLEGAL USE OF ELECTRICAL/OIL/GAS POWERED DEVICE', 'ADMIN CODE 20-465(P)', 'G26', 0, 0),
(385, 'VENDOR LAWS/ GENERAL VENDING', 'VENDING NEAR CAFE/BUS SHELTER/NEWSSTAND/TELEPHONE/DISABLED ACCESS RAMP', 'ADMIN CODE 20-465(Q)', 'G27', 0, 0),
(386, 'VENDOR LAWS/ GENERAL VENDING', 'UNLICENSED DISTRIBUTION OF GOODS TO VENDOR', 'ADMIN CODE 20-474.1', 'G41', 0, 0),
(387, 'VENDOR LAWS/ GENERAL VENDING', 'DISTRIBUTOR\'S DELIVERY VEHICLE WITHOUT REQUIRED ID', 'ADMIN CODE 20-474.2', 'G42', 0, 0),
(388, 'MOBILE FOOD VENDING', 'UNLICENSED MOBILE FOOD VENDOR', 'ADMIN CODE  17-307(A)', 'F01', 1000, 1000),
(389, 'MOBILE FOOD VENDING', 'UNPERMITTED MOBILE FOOD UNIT', 'ADMIN CODE  17-307(B)', 'F02', 1000, 1000),
(390, 'MOBILE FOOD VENDING', 'LACK OF PERMIT FOR COMMISSARY OR DISTRIBUTION PLACE', 'ADMIN CODE 17-307(C)', 'F03', 200, 1000),
(391, 'MOBILE FOOD VENDING', 'VENDING OF UNAPPROVED ITEMS', 'ADMIN CODE 17-307(D)', 'F04', 0, 0),
(392, 'MOBILE FOOD VENDING', 'FAIL TO DISPLAY LICENSE AND/OR PLATE', 'ADMIN CODE 17-311', 'F05', 0, 0),
(393, 'MOBILE FOOD VENDING', 'VENDOR ON SIDEWALK LESS THAN 12FT., OR NOT AT CURB', 'ADMIN CODE 17-315(A)', 'F13', 0, 0),
(394, 'MOBILE FOOD VENDING', 'CART TOUCHING OR LEANING AGAINST BUILDING', 'ADMIN CODE 17-315(B)', 'F14', 0, 0),
(395, 'MOBILE FOOD VENDING', 'ITEMS NOT IN OR UNDER CART (EXCEPT WASTE CONTAINER)', 'ADMIN CODE 17-315(C)', 'F16', 0, 0),
(396, 'MOBILE FOOD VENDING', 'VENDING UNIT AGAINST DISPLAY WINDOW OR 20 FT. OF ENTRANCE OR EXITS', 'ADMIN CODE 17-315(D)', 'F17', 0, 0),
(397, 'MOBILE FOOD VENDING', 'VEND IN BUS STOP, NEXT TO HOSPITAL/10 FT OF DRIVE, SUBWAY, CROSSWALK', 'ADMIN CODE 17-315(E)', 'F18', 0, 0),
(398, 'MOBILE FOOD VENDING', 'VIOLATION OF PARKING RULES AND REGULATIONS', 'ADMIN CODE 17-315(F)', 'F19', 0, 0),
(399, 'MOBILE FOOD VENDING', 'VENDING FOOD OTHER THAN FRESH FRUITS AND VEGETABLES.', 'ADMIN CODE 17-307(B)(1)', 'F2A', 1000, 1000),
(400, 'MOBILE FOOD VENDING', 'ON MEDIAN STRIP, NOT INTENDED FOR MALL OR PLAZA', 'ADMIN CODE 17-315(H)', 'F20', 0, 0),
(401, 'MOBILE FOOD VENDING', 'VENDING WITHIN PARKS JURISDICTION WITHOUT COMM. APPROVAL', 'ADMIN CODE 17-315(I)', 'F21', 0, 0),
(402, 'MOBILE FOOD VENDING', 'FAILURE TO MOVE AFTER NOTICE OF EXIGENT CIRCUMSTANCES GIVEN.', 'ADMIN CODE 17-315(J)', 'F22', 0, 0),
(403, 'MOBILE FOOD VENDING', 'VENDING AT TIME/PLACE PROHIBITED', 'ADMIN CODE 17-315(K)/(L)', 'F25', 0, 0),
(404, 'MOBILE FOOD VENDING', 'TRANSFER OF FOOD TO UNLICENSED FOOD VENDOR FOR RESALE', 'ADMIN CODE 17-316', 'F23', 0, 0),
(405, 'MOBILE FOOD VENDING', 'GREEN CART UMBRELLA NOT OPENED WHILE VENDING', '24 RCNY 6-07(B)', 'F26', 0, 0),
(406, 'MOBILE FOOD VENDING', 'GREEN CART UMBRELLA NOT SAFELY SECURED OR IN GOOD CONDITION OR REPAIR', '24 RCNY 6-07(B)', 'F27', 0, 0),
(407, 'MOBILE FOOD VENDING', 'PERMIT DECAL NOT VISIBLE AND/OR OBSTRUCTED', '24 RCNY 6-04(B)(3)', 'F28', 0, 0),
(408, 'MOBILE FOOD VENDING', 'UNIT EXCEEDS LENGTH/WIDTH OR LONGER SIDE NOT PARALLEL TO CURB', '24 RCNY 6-06(A)', 'F29', 0, 0),
(409, 'MOBILE FOOD VENDING', 'GREEN CART VENDOR FAILED TO CARRY MAP SHOWING AUTHORIZED VENDING AREAS', 'ADMIN.CODE 17-311(D)', 'F5A', 0, 0),
(410, 'MOBILE FOOD VENDING', 'FOODS PREPARED OR SERVED WITH BARE-HAND CONTACT', 'HEALTH CODE 81.07 (J)', 'H05', 385, 770);

-- --------------------------------------------------------

--
-- Table structure for table `summons_category`
--

CREATE TABLE `summons_category` (
  `id` int(11) NOT NULL,
  `category_name` varchar(100) NOT NULL
) ENGINE=InnoDB DEFAULT CHARSET=utf8;

--
-- Dumping data for table `summons_category`
--

INSERT INTO `summons_category` (`id`, `category_name`) VALUES
(1, 'ALCOHOL'),
(2, 'ANIMALS'),
(3, 'BARS'),
(4, 'BICYCLES, ROLLER SKATES, SCOOTERS'),
(5, 'CIGARETTE SALES'),
(6, 'CONSTRUCTION & BUILDING SITES'),
(7, 'DISORDERLY CONDUCT'),
(8, 'DUMPING'),
(9, 'FIRES'),
(10, 'GAMBLING'),
(11, 'GRAFFITI'),
(12, 'KNIVES'),
(13, 'LITTERING/SPITTING'),
(14, 'LIVERIES'),
(15, 'LANDLORD/TENANT'),
(16, 'LASER POINTERS'),
(17, 'LOITERING'),
(18, 'MOTOR VEHICLES'),
(19, 'NARCOTICS, MARIJUANA'),
(20, 'NOISE'),
(21, 'PARKS'),
(22, 'PEDESTRIANS, MISCELLANEOUS'),
(23, 'POSTERS, NOTICES, SIGNS'),
(24, 'PUBLIC HEALTH'),
(25, 'SANITATION ISSUES'),
(26, 'SCOOTERS'),
(27, 'SMOKING, CIGARETTES'),
(28, 'STORE INSPECTIONS'),
(29, 'TOW TRUCKS'),
(30, 'URINATION, DEFICATION, EXPOSURE'),
(31, 'VEHICLE OFFENSES'),
(32, 'OTHER PENAL LAW VIOLATIONS'),
(33, 'OTHER VARIOUS OFFENSE'),
(34, 'VENDORS'),
(35, 'WINE/LIQUOR STORES'),
(36, 'TRANSIT'),
(37, 'OATH');

-- --------------------------------------------------------

--
-- Table structure for table `summons_details`
--

CREATE TABLE `summons_details` (
  `id` int(11) NOT NULL,
  `summons_category_id` int(11) NOT NULL,
  `summons_title` varchar(200) NOT NULL,
  `summons_section` varchar(200) NOT NULL
) ENGINE=InnoDB DEFAULT CHARSET=utf8;

--
-- Dumping data for table `summons_details`
--

INSERT INTO `summons_details` (`id`, `summons_category_id`, `summons_title`, `summons_section`) VALUES
(1, 1, 'ALLOWING GAMBLING OR DRUG ACTIVITY IN LICENSED PREMISES', 'ABC 105.22'),
(2, 1, 'ALTERED LICENSE', 'ABC 114.6'),
(3, 1, 'APPEARANCE UNDER INFLUENCE OF ALCOHOL IN NYC PARK', 'PRR 1-05 (F)(2)'),
(4, 1, 'CONSUMPTION OF ALCOHOL IN PREMISES LICENSE FOR OFF-PREMISES ONLY', 'ABC 54(5)'),
(5, 1, 'FAIL TO DISPLAY VALID ALCOHOL LICENSE', 'ABC 114.6'),
(6, 1, 'FAILURE TO POST REQUIRED SIGN. ', 'ABC 65-D (2)'),
(7, 1, 'ILLEGAL WAREHOUSING OF ALCOHOL', 'ABC 96(1A)'),
(8, 1, 'NO SIGN POSTED "FETAL BIRTH DEFECTS" ', 'ABC 105(B)'),
(9, 1, 'NO SIGN POSTED SALE PROHIBITED TO MINORS', 'ABC 65(D)'),
(10, 1, 'OPEN CONTAINER IN PUBLIC NEW', 'AC 10-125 (2)(B)'),
(11, 1, 'POSSESS ALCOHOL (OPEN OR CLOSED) IN NYC PARK', 'PRR 1-05 (F)(1)'),
(12, 1, 'POSSESS AND/OR CONSUME ALCOHOL IN A NYC PARK/BEACH/POOL', 'PRR 1-05(F)(1)'),
(13, 1, 'POSSESS AND/OR CONSUME ALCOHOL IN PUBLIC (NOT IN NYC PARK)', 'AC 10-125(2)(B)'),
(14, 1, 'POSSESS UNTAXED  BEVERAGES', 'ABC 151'),
(15, 1, 'POSSESSION OF ALCOHOL WITH INTENT TO CONSUME (UNDER21)', 'ABC 65-C (1)'),
(16, 1, 'PRESENT FALSE ID TO PURCHASE ALCOHOL (UNDER 21)', 'ABC 65-B (1)'),
(17, 1, 'PROCURE ALCOHOL FOR PERSONS UNDER 21', 'ABC 65-A'),
(18, 1, 'PURCHASING ALCOHOL FOR A PERSON UNDER 21', 'ABC 65(A)'),
(19, 1, 'SALE OF ALCOHOL BETWEEN 3AM AND 12 PM ON SUNDAYS', 'ABC 105(A)'),
(20, 1, 'SALE OF ALCOHOL TO PERSON UNDER 21 YEARS OF AGE', 'ABC 65(1)'),
(21, 1, 'SALE OF ALCOHOL TO VISIBLY INTOXICATED PERSON', 'ABC 65(2)'),
(22, 1, 'SALE TO KNOWN HABITUAL DRUNKARD', 'ABC 65 (3)'),
(23, 1, 'SALE TO MINOR (UNDER 21)', 'ABC 65 (1)'),
(24, 1, 'SALE TO VISIBLY INTOXICATED PERSON', 'ABC 65 (2)'),
(25, 1, 'UNLAWFUL POSSESSION OF ALCOHOL BY PERSON UNDER 21-INTEND TO CONSUME', 'ABC 65(C)'),
(26, 1, 'UNLICENSED BOTTLE CLUB', 'ABC 64(B)'),
(27, 1, 'UNLICENSED SALE OF ALCOHOL', 'ABC 100.1'),
(28, 2, 'ANIMAL CAUSING PUBLIC NUISANCE', 'HC 161.03'),
(29, 2, 'ANIMAL NUISANCE', 'HC 161.03'),
(30, 2, 'CREATE HAZARDOUS CONDITION (DISCON)', 'PL 240.20(7)'),
(31, 2, 'DOG/ANIMAL IN PLAYGROUND/PICNIC AREA/PARK BUILDING/BATHHOUSE', 'PRR 1-04(1)'),
(32, 2, 'FAIL TO CLEAN UP DOG WASTE', 'HC 1310'),
(33, 2, 'FAIL TO CLEAN UP DOG WASTE IN NYC PARK', 'PRR 1-04(J)'),
(34, 2, 'FAIL TO REMOVE CANINE WASTE FROM PUBLIC PLACE', 'PHL 1310'),
(35, 2, 'NO DOG LICENSE (ON COLLAR)', 'HC 161.04(A)'),
(36, 2, 'NO DOG LICENSE (ON PAPER)', 'HC 161.04(B)'),
(37, 2, 'UNLEASHED DOG / LEASH OVER 6 FEET LONG', 'HC 161.05'),
(38, 2, 'UNLEASHED DOG IN NYC PARK / LEASH OVER 6\' (IN NYC PARK)', 'PRR 1-04(1)'),
(39, 2, 'UNVACCINATED DOG', 'HC 11.66'),
(40, 3, 'ALLOW CONSUMPTION AFTER 4:30 AM', 'ABC 106(5)'),
(41, 3, 'DEFACE, DESTROY OR ALTER SLA LICENSE', 'ABC 114(6)'),
(42, 3, 'DISORDERLY PREMISES (GAMBLING, DRUGS, DISORDERLINESS)', 'ABC 106(6)'),
(43, 3, 'FAIL TO CONSPICUOUSLY DISPLAY SLA LICENSE IN A SUITABLE FRAME', 'ABC 114(6)'),
(44, 3, 'IMPROPERLY CLOTHED FEMALE EMPLOYEE', 'AC 10-129(A)'),
(45, 3, 'OWNER PERMITS GAMBLING ON PREMISES', 'ABC 106(6)'),
(46, 3, 'PERMIT SEXUAL EXPOSURE', 'ABC 106(6A)'),
(47, 3, 'SALE OF ALCOHOL FOR OFF-PREMISES CONSUMPTION', 'ABC 106(3)'),
(48, 3, 'TAP BEER (NAME NOT CONSPICUOUSLY ATTACHED TO TAP)', 'ABC 106(4)'),
(49, 3, 'VIEW INTO BAR FROM STREET OBSTRUCTED', 'ABC 106(9A)'),
(50, 3, 'WINDOWS ARE OTHER THAN CLEAR GLASS', 'ABC 106(9)'),
(51, 4, 'FAIL TO YIELD RIGHT OF WAY TO PEDESTRIAN IN NYC PARK', 'PRR 1-05(L)'),
(52, 4, 'OPERATE BICYCLE IN A RECKLESS MANNER IN NYC PARK', 'PRR 1-05(L)'),
(53, 4, 'OPERATE BICYCLE IN PLAY AREA OF NYC PARK', 'PRR 1-05(L)'),
(54, 4, 'OPERATE BICYCLE IN PLAYGROUND AREA OF NYC PARK', 'PRR 1-05(L)'),
(55, 4, 'OPERATE BICYCLE ON GRASS IN NYC PARK', 'PRR 1-05(L)'),
(56, 4, 'OPERATE BICYCLE ON SIDEWALK', 'AC 19-176 (B)'),
(57, 4, 'OPERATE BICYCLE ON SIDEWALK', 'TR 4-07(C3)'),
(58, 4, 'OPERATE MOTORIZED SCOOTER ', 'AC 19-176.2 (B)'),
(59, 4, 'RECKLESS OPERATION OF BICYCLE ON SIDE WALK ', 'AC 19-176 (C)'),
(60, 4, 'RECKLESS OPERATION OF ROLLER SKATES, IN-LINE SKATES OR SKATEBOARD ', 'AC 19-176.1 (B)'),
(61, 5, 'FAIL TO CHECK ID OF PERSON WHO LOOKS UNDER 25', 'GBL 399(CC)'),
(62, 5, 'HEALTH LABEL WARNING MISSING', 'GBL 399'),
(63, 5, 'NO NYC LICENSE TO SELL CIGARETTES', 'AC 11-4012(F)'),
(64, 5, 'NO NYS LICENSE TO SELL CIGARETTES', 'TAX LAW 480(A)'),
(65, 5, 'NO SIGN POSTED "NO SALE TO MINORS" ', 'AC 17-620'),
(66, 5, 'NO SIGN POSTED "NO SALE TO MINORS" ', 'GBL 399(CC)'),
(67, 5, 'NO TAX STAMP ON CIGARETTES', 'AC 11-4012(B)'),
(68, 5, 'NO TAX STAMP ON CIGARETTES (IN EXCESS OF 20,000) **ARREST**', 'AC 11-4012(2)'),
(69, 5, 'POSSESSION OF UNTAXED CIGARETTES', 'TAX LAW 480(A3)'),
(70, 5, 'SALE OF LOOSE CIGARETTES', 'AC 17-618'),
(71, 5, 'SALES OF TOBACCO PRODUCTS TO MINORS', 'AC 17-620'),
(72, 5, 'SALES OF TOBACCO PRODUCTS TO MINORS', 'GBL 399(CC)'),
(73, 6, 'ACCIDENTALLY BREAK STREET-FAIL TO FIX W/IN 48 HRS', 'AC 19-138(A)'),
(74, 6, 'BREAK ANY STREET', 'AC 19-138'),
(75, 6, 'CLOSE STREET W/O PERMIT', 'AC 19-107'),
(76, 6, 'DEFACE STREET W/ PAINT, PRINTING OR WRITING', 'AC 19-138(B)'),
(77, 6, 'FAIL TO DISPLAY REQUIRED SIGNS', 'AC 19-109(B)'),
(78, 6, 'FAIL TO KEEP PERMIT AT SITE', 'AC 19-108'),
(79, 6, 'FAIL TO KEEP SIDEWALK CLEAR UNLESS PERMITTED TO CLOSE SIDEWALK', 'AC 19-121(B2)'),
(80, 6, 'FAIL TO POST NAME/ADDRESS/PHONE NUMBER OF CONTRACTOR', 'AC 19-121(B4)'),
(81, 6, 'FAIL TO POST PERMIT(S)', 'AC 19-121(B1)'),
(82, 6, 'FAIL TO PROVIDE PROTECTIVE MEASURES DURING EXCAVATION', 'AC 19-109(A)'),
(83, 6, 'FILL IN/RAISE ANY PORTION OF STREET', 'AC 19-146(A1)'),
(84, 6, 'INADEQUATE PRECAUTIONS DURING DEMOLITION', 'HC 153.05'),
(85, 6, 'OBSTRUCT BUS STOP', 'AC 19-121(B7)'),
(86, 6, 'OBSTRUCT FIRE HYDRANT', 'AC 19-121(B7)'),
(87, 6, 'OBSTRUCT STREET W/O PERMIT', 'AC 19-121(A)'),
(88, 6, 'PERFORM WORK/CONSTRUCTION IN NYC PARK W/O PERMIT', 'PRR 1-05(O)'),
(89, 6, 'REMOVE GRATING OR COVERING UNLAWFULLY', 'AC 19-119'),
(90, 6, 'REMOVE GRAVEL, CEMENT OR ASPHALT FROM STREET', 'AC 19-146(82)'),
(91, 6, 'SWEEP REFUSE INTO SUBWAY GRATING', 'AC 19-173(A)'),
(92, 6, 'UNAUTHORIZED REMOVAL OF BARRIERS/SIGNS/LIGHTS', 'AC 19-109(C)'),
(93, 7, 'CONGREGATE (3 OR MORE) AND REFUSE LAWFUL ORDER TO DISPERSE', 'PL 240.20 (6)'),
(94, 7, 'CREATE PHYSICALLY DANGEROUS OR OFFENSIVE CONDITION', 'PL 240.20 (7)'),
(95, 7, 'DISTURB LAWFUL ASSEMBLY OR MEETING OF PERSONS', 'PL 240.20 (4)'),
(96, 7, 'ENGAGE IN FIGHTING OR IN VIOLENT, TUMULTUOUS OR THREATENING BEHAVIOR', 'PL 240.20 (1)'),
(97, 7, 'MAKE UNREASONABLE NOISE', 'PL 240.20 (2)'),
(98, 7, 'OBSTRUCT VEHICULAR OR PEDESTRIAN TRAFFIC', 'PL 240.20 (5)'),
(99, 7, 'USE ABUSIVE OR OBSCENE LANGUAGE, OR MAKING OBSCENE GESTURE', 'PL 240.20 (3)'),
(100, 8, 'DUMPING BY A VEHICLE OPERATOR', 'AC 16-119(A)'),
(101, 8, 'DUMPING BY A VEHICLE OWNER', 'AC 16-119(A)'),
(102, 8, 'DUMPING BY A VEHICLE OWNER AND OPERATOR', 'AC 16-119(A)'),
(103, 8, 'DUMPING WITHIN AN NYC PARK', 'PRR 1-04[C]'),
(104, 8, 'POLLUTE PUBLIC/PRIVATE STREAMS', 'ECL 11-0503'),
(105, 9, 'AUTHORIZED FIRE NOT UNDER CONTINUOUS CARE (NYC PARK)', 'PRR 1-05(M)'),
(106, 9, 'CREATE/MAINTAIN FIRE WITHOUT PERMIT (NYC PARK)', 'PRR 1-05(M)'),
(107, 9, 'DISCON (CREATE HAZARDOUS CONDITION)', 'PL 240.20(7)'),
(108, 9, 'FAIL TO PROPERLY CONTAIN AUTHORIZED FIRE (NYC PARK)', 'PRR 1-05(M)'),
(109, 9, 'OPEN FIRE (CAUSE OR PERMIT)', 'AC 24-149'),
(110, 9, 'SET UNLAWFUL FIRE CAUSING DANGER (CONSERVATION LAW)', 'ECL 9-1105(1)'),
(111, 9, 'THROW LIGHTED MATCH OR CIGARETTE (NOT IN NYC PARK)', 'ECL 9-1105(1)'),
(112, 9, 'THROW OR LEAVE LIGHTED MATCH, CIGARETTE (NYC PARK)', 'PRR 1-05(M)'),
(113, 9, 'UNAUTHORIZED USE OR TAMPER WITH FIRE HYDRANT', 'AC 24-308'),
(114, 10, 'ENGAGE IN GAMBLING IN NYC PARK', 'PRR 1-04 (L)(4)'),
(115, 10, 'LOITERING FOR GAMBLING', 'PL 240.35 (2)'),
(116, 10, 'UNLAWFUL OPERATION OF THREE-CARD MONTE IN PUBLIC', 'AC 10-161 (B)'),
(117, 11, 'CAUSE GRAFFITI TO PUBLIC OR PRIVATE PROPERTY', 'AC 10-117(A)'),
(118, 11, 'PLACE SPRAY PAINT OR BROAD-TIP MARKER ON DISPLAY (NOT ', 'AC 10-117(D)'),
(119, 11, 'POSSESS AEROSOL PAINT OR BROAD-TIP MARKER WITH UNLAWFUL INTENT TO USE', 'AC 10-117(B)'),
(120, 11, 'SELL OR OFFER FOR SALE SPRAY PAINT OR BROAD-TIP MARKER TO MINOR', 'AC 10-117[C]'),
(121, 12, 'CARRY OR WEAR IN OPEN VIEW ANY KNIFE (ANY LENGTH) ', 'AC 10-133 (C)'),
(122, 12, 'POSSESSION OF KNIFE WITH BLADE LENGTH 4\" OR MORE IN PUBLIC PLACE (MUST CONFISCATE AND VOUCHER).', 'AC 10-133 (B)'),
(123, 12, 'SALE (OR OFFER FOR SALE) OF A LOCKING FOLDING KNIFE 4\" OR MORE', 'AC 10-134 (B)'),
(124, 12, 'SALE (OR OFFER FOR SALE) OF A BOX CUTTER TO MINOR (UNDER21)', 'AC 10-134.1 (C)'),
(125, 12, 'PLACE BOX CUTTERS ON OPEN DISPLAY ACCESSIBLE TO PUBLIC WITHOUT ASSISTANCE OF SELLER. ', 'AC 10-134.1 (D)'),
(126, 12, 'POSSESSION OF BOX CUTTER IN PUBLIC PLACE (UNDER 21', 'AC 10-134.1 (E)'),
(127, 12, 'POSSESS OF KNIFE IN NYC PARK (MUST CONFISCATE & VOUCHER IF OVER 4" )', 'PRR 1-04(F)'),
(128, 13, 'DISTRIBUTE COMMERCIAL ADVERTISING MATTER IN STREET OR PUBLIC PLACE', 'AC 16-118 (5)'),
(129, 13, 'FAIL TO KEEP SIDEWALK FREE FROM GARBAGE/LITTER', 'AC 16-118 (2)(A)'),
(130, 13, 'LITTERING', 'AC 16-118 (1)'),
(131, 13, 'LITTERING FROM A VEHICLE UPON STREET OR PUBLIC PLACE', 'AC 16-118 (4)'),
(132, 13, 'LOITER FOR DRUGS (NYC PARK)', 'PRR 1-04(F)'),
(133, 13, 'SPITTING', 'HC 181.03'),
(134, 13, 'SWEEP SUBSTANCE INTO SUBWAY VENTILATION GRATING', 'AC 19-173 (A)'),
(135, 14, 'ACCEPT PASSENGER ON STREET HAIL', 'AC 19-516 (A)'),
(136, 14, 'CRUISING ALONG STREET TO SOLICIT OR SEARCH FOR PASSENGERS', 'TR 4-11 (B)'),
(137, 14, 'CRUISING FOR FARES-SOLICITING WHILE DRIVING', 'AC 19-516'),
(138, 14, 'FAIL TO CARRY TWO (2) SPARE TROUBLE LIGHTS', 'AC 19-508 (C)(2)'),
(139, 14, 'ID NYS CLASS "E"  LICENSE', 'AC 19-505(A)'),
(140, 14, 'NO CLASS E LICENSE', 'AC 19-506 (D)'),
(141, 14, 'NO HACK LICENSE', 'AC 19-505 (A)'),
(142, 14, 'NO HACK LICENSE', 'AC 19-506(D)'),
(143, 14, 'NO PROOF OF INSURANCE', 'AC 19-515(B3)'),
(144, 14, 'NO TLC PLATES', 'AC 19-506 (B)'),
(145, 14, 'NO TRIP SHEET (LOG BOOK) ', 'NTSTL 212'),
(146, 14, 'OPERATE W/ SUSPENDED/REVOKED TLC LICENSE', 'AC 19-506(D)'),
(147, 14, 'OVERCHARGE FARE', 'AC 19-507 (A)(3)'),
(148, 14, 'OVERCHARGE PASSENGER (OR ATTEMPT)', 'AC 19-507(A3)'),
(149, 14, 'PICK-UP FARE IN STREET (HAIL)', 'AC 19-507(A4)'),
(150, 14, 'PICKUP OR DISCHARGE PASSENGER(S) CAUSING TRAFFIC OBSTRUCTION', 'TR 4-11 (C)(4)'),
(151, 14, 'PICKUP OR DISCHARGE PASSENGER(S) WHERE STOPPING IS PROHIBITED', 'TR 4-11 (C)(5)'),
(152, 14, 'PICKUP OR DISCHARGE PASSENGER(S) WITHIN BICYCLE LANE', 'TR 4-11 (C)(6)'),
(153, 14, 'PICKUP OR DISCHARGE PASSENGER(S) WITHIN INTERSECTION', 'TR 4-11 (C)(2)'),
(154, 14, 'PICKUP OR DISCHARGE PASSENGER(S) WITHIN PEDESTRIAN CROSSWALK', 'TR 4-11 (C)(1)'),
(155, 14, 'PICKUP PASSENGER(S) IN A BUS STOP', 'NTSTL 145-6'),
(156, 14, 'TWO-WAY RADIO W/O PERMIT', 'AC 19-508(B)'),
(157, 14, 'UNAUTHORIZED "TAXI"  SIGN', 'AC 19-506(C)'),
(158, 14, 'UNAUTHORIZED COLOR (YELLOW)', 'AC 19-514(G)'),
(159, 14, 'UNLICENSED "FOR-HIRE"  VEHICLE (NO TLC PLATES)', 'AC 19-506(B)'),
(160, 14, 'USE OF METER WITHOUT PERMIT', 'AC 19-508(A)'),
(161, 15, 'UNLAWFUL EVICTION BY INTERRUPTING ESSENTIAL SERVICES', 'AC 26-521 (A)(2)'),
(162, 15, 'UNLAWFUL EVICTION BY REMOVING PROPERTY, REMOVING DOOR, RENDERING LOCK INOPERABLE, OR CHANGING LOCK. ', 'AC 26-521 (A)(1)'),
(163, 15, 'UNLAWFUL EVICTION BY USE (OR THREAT) OF FORCE', 'AC 26-521 (A)(1)'),
(164, 16, 'DISPLAY OR ADVERTISE LASER POINTERS WITHOUT POSTING NOTICE.  [NOTICE MUST BE POSTED THAT THE SALE OR GIVING OF LASER POINTERS TO PERSONS UNDER 19 IS A MISDEMEANOR].', 'AC 10-134.2 (C)'),
(165, 16, 'PLACE LASER POINTERS ON OPEN DISPLAY ACCESSIBLE TO PUBLIC WITHOUT ASSISTANCE OF SELLER', 'AC 10-134.2 (C)'),
(166, 16, 'POSSESSION OF LASER POINTER IN PUBLIC PLACE (UNDER 19)', 'AC 10-134.2 (D)'),
(167, 16, 'POSSESSION OF LASER POINTER ON SCHOOL PREMISES (UNDER 21)', 'AC 10-134.2 (D)'),
(168, 16, 'SALE (OR OFFER FOR SALE) OF A LASER POINTER TO PERSON UNDER 19', 'AC 10-134.2 (B)'),
(169, 16, 'UNLAWFUL DIRECTION OF LASER POINTER AT UNIFORMED GOVERNMENT/EMERGENCY PERSONNEL', 'AC 10-134.2 (E)'),
(170, 16, 'UNLAWFUL DIRECTION OF LASER POINTER INTO OR THROUGH A PUBLIC PLACE', 'AC 10-134.2 (D)'),
(171, 17, 'LOITERING FOR GAMBLING', 'PL 240.35 (2)'),
(172, 17, 'LOITERING ON OR ABOUT SCHOOL GROUNDS WITHOUT REASON', 'PL 240.35 (5)'),
(173, 17, 'LOITERING TO SOLICIT OR ENGAGE IN SEX', 'PL 240.35 (3)'),
(174, 18, 'AUDIBLE VEHICLE ALARM (OVER 3 MINUTES)', 'AC 24-238 (A)'),
(175, 18, 'BURGLAR/CAR ALARM', 'AC 24-221(D)'),
(176, 18, 'DISMANTLE OR STRIP VEHICLE', 'AC 16-122 (F)'),
(177, 18, 'DRIVE OVER FIRE HOSE', 'AC 15-206'),
(178, 18, 'FAIL TO YIELD TO EMERGENCY VEHICLE USING LIGHTS AND SIREN', 'AC 10-164'),
(179, 18, 'HORN HONKING', 'AC 24-221(A)'),
(180, 18, 'IDLE ENGINE OVER 3 MINUTES (OCCUPIED OR UNOCCUPIED)', 'AC 24-163 (A)'),
(181, 18, 'LEAVE VEHICLE UNATTENDED OVER 3 MINUTES.', 'AC 10-111 (B)'),
(182, 18, 'LITTER FROM A VEHICLE UPON STREET OR PUBLIC PLACE', 'AC 16-118 (4)'),
(183, 18, 'LOUD ENGINE EXHAUST', 'AC 24-227'),
(184, 18, 'POLICE RADIO/SCANNER IN VEHICLE', 'AC 10-102(A)'),
(185, 18, 'UNREASONABLE NOISE/SOUND FROM CAR STEREO', 'AC 24-218'),
(186, 19, 'APPEARANCE IN PUBLIC UNDER THE INFLUENCE OF NARCOTICS', 'PL 240.40'),
(187, 19, 'LOITERING IN NYC PARK FOR USE/SALE OF MARIJUANA, ALCOHOL, OR ANY CONTROLLED SUBSTANCE', 'PRR 1-04 (M)(2)'),
(188, 19, 'UNLAWFUL POSSESSION OF MARIHUANA', 'PL 221.05'),
(189, 20, 'BARKING DOG/NUISANCE ANIMAL', 'AC 24-222'),
(190, 20, 'BURGLAR/CAR ALARM', 'AC 24-221(D)'),
(191, 20, 'COMMERCIAL PURPOSE SOUND DEVICE', 'AC 24-220(B)'),
(192, 20, 'HORN HONKING', 'AC 24-221(A)'),
(193, 20, 'LOUD AIR COMPRESSOR', 'AC 24-236'),
(194, 20, 'LOUD CONSTRUCTION EQUIPMENT', 'AC 24-225'),
(195, 20, 'LOUD ENGINE EXHAUST (CAR OR MOTORCYCLE)', 'AC 24-227'),
(196, 20, 'OPERATE NON-COMMERCIAL SOUND DEVICE WITHOUT PERMIT', 'AC 10-108 (D)'),
(197, 20, 'OPERATE SOUND DEVICE FOR COMMERCIAL ADVERTISING', 'AC 10-108 (C)'),
(198, 20, 'UNREASONABLE NOISE FROM CAR RADIO', 'AC 24-218'),
(199, 20, 'UNREASONABLE NOISE FROM MV HORN', 'AC 24-237 (A)'),
(200, 20, 'UNREASONABLE NOISE FROM SOUND REPRODUCTION DEVICE. ', 'AC 24-244 (A)'),
(201, 20, 'UNREASONABLE NOISE IN NYC PARK', 'PRR 1-05 (D)(1)'),
(202, 20, 'UNREASONABLE/UNNECESSARY NOISE (SOUND LEVELS EXCEED 45 DECIBELS)', 'AC 24-218'),
(203, 21, 'ANNOY OR CAUSE SERIOUS ALARM', 'PRR 1-04(L)'),
(204, 21, 'ANY SEXUAL ACTIVITY', 'PRR 1-04 (L)(8)'),
(205, 21, 'CAMPING WITHOUT PERMIT', 'PRR 1-04 (P)'),
(206, 21, 'CLEAN OR WASH ITEMS OR SELF IN PARK, LAKE, OR SPRINKLER', 'PRR 1-04 (R)'),
(207, 21, 'CLIMB ON TREES, WALLS, FENCE, ETC', 'PRR 1-04(L)'),
(208, 21, 'CLIMBING PARK WALL, FENCE, TREE', 'PRR 1-04 (L)(2)'),
(209, 21, 'CREATE DANGEROUS CONDITION', 'PRR 1-04 (L)(9)'),
(210, 21, 'CREATE DANGEROUS CONDITION', 'PRR 1-04(L)'),
(211, 21, 'DESTROY OR DEFACE PARK PROPERTY', 'PRR 1-04 (A)'),
(212, 21, 'ENDANGER OTHERS SAFETY', 'PRR 1-04(L)'),
(213, 21, 'ENGAGE IN FIGHTING OR CAUSE PUBLIC ALARM', 'PRR 1-04 (L)'),
(214, 21, 'ENTER OR ATTEMPT TO ENDER LOCKED/RESTRICTED AREA', 'PRR 1-04(L)'),
(215, 21, 'ENTER OR ATTEMPT TO ENTER LOCKED AREA', 'PRR 1-04 (L)(1)'),
(216, 21, 'ENTER OR EXIT (OTHER THAN DESIGNATED MEANS)', 'PRR 1-04(L)'),
(217, 21, 'ENTER OR EXIT OTHER THAN DESIGNATED AREA', 'PRR 1-04 (L)(1)'),
(218, 21, 'ENTERTAIN/EXHIBIT WITH CROWD OVER 20 PEOPLE', 'PRR 1-05(A)'),
(219, 21, 'ERECT TENT/SHELTER W/O PERMIT', 'PRR 1-04(O)'),
(220, 21, 'FAIL TO COMPLY WITH PARK EMPLOYEE OR POLICE OFFICER', 'PRR 1-03 (C)(1)'),
(221, 21, 'FAIL TO COMPLY WITH POSTED SIGN', 'PRR 1-03 (C)(2)'),
(222, 21, 'FAIL TO COMPLY WITH SIGN ', 'PRR 1-03(C2)'),
(223, 21, 'FIGHTING IN PARK', 'PRR 1-04(L)'),
(224, 21, 'GAMBLING', 'PRR 1-04 (L)(4)'),
(225, 21, 'GAMBLING IN PARK', 'PRR 1-04(L4)'),
(226, 21, 'GIVE SPEECH WITH OVER 20 SPECTATORS', 'PRR 1-05(A)'),
(227, 21, 'GLASS BOTTLE IN RESTRICTED AREA', 'PRR 1-04(D)'),
(228, 21, 'GO INTO FENCED/ENCLOSED AREA', 'PRR 1-04(B)'),
(229, 21, 'ICE SKATING IN OTHER THAN PROSCRIBED PLACE', 'PRR 1-05(K)'),
(230, 21, 'IN PARK AFTER DUSK', 'PRR 1-03(A3)'),
(231, 21, 'IN PARK FROM 1 AM TO 6 AM', 'PRR 1-03(A)'),
(232, 21, 'KNOWINGLY BUY/SELL/RECEIVE/POSSESS BIRD OR BIRDS NEST OR EGGS', 'PRR 1-04(G)'),
(233, 21, 'LAWFUL 2ND HAND DEALER PURCHASING GOODS BETWEEN 1800-0700 HR', 'AC 20-268[C]'),
(234, 21, 'LAWFUL 2ND HAND DEALER PURCHASING PARTS FROM MINOR', 'AC 20-268(B)'),
(235, 21, 'LAWFUL 2ND HAND DEALER-ENCLOSED IN FENCE AT LEAST 6\' HIGH', 'AC 20-268(H1)'),
(236, 21, 'LITTERING', 'PRR 1-04 (C)(1)'),
(237, 21, 'MOLEST/HUNT/KILL ANIMALS', 'PRR 1-04(G)'),
(238, 21, 'NO APPROVED SAFETY CAN FOR FLAMMABLE OIL', 'AC 27-4084'),
(239, 21, 'NO CERT OF APPROVAL - COMBUSTIBLE GAS', 'AC 27-4102'),
(240, 21, 'NO CERT OF APPROVAL - PORTABLE GENERATOR', 'AC 27-4102(D)'),
(241, 21, 'NO CERTIFICATE OF FITNESS (FDNY)', 'AC 27-4102(B)'),
(242, 21, 'NO PERMIT FOR COMPRESSED GASSES', 'AC 27-4099'),
(243, 21, 'NO PERMIT TO OPERATE REPAIR SHOP', 'AC 27-4083'),
(244, 21, 'NO PERMIT-AIR COMPRESSOR', 'AC 27-4089'),
(245, 21, 'OBSTRUCT PARK BENCH (MISUSE PARK BENCH)', 'PRR 1-04(N)'),
(246, 21, 'OBSTRUCT SITTING AREA', 'PRR 1-04 (O)'),
(247, 21, 'OBSTRUCT VEHICLE/PEDESTRIAN TRAFFIC', 'PRR 1-04(L)'),
(248, 21, 'OPEN FLAME', 'PRR 1-05 (M)(1)'),
(249, 21, 'OPERATE MOTOR VEHICLE IN PARK', 'PRR 1-05 (N)(1)'),
(250, 21, 'POSSESS ALCOHOL (OPEN OR CLOSED) WITH INTENT TO CONSUME', 'PRR 1-05 (F)(1)'),
(251, 21, 'POSSESS FIREARMS/WEAPONS/EXPLOSIVE', 'PRR 1-04(F)'),
(252, 21, 'POSSESS GARDEN TOOLS WITHOUT PERMISSION', 'PRR 1-04(B)'),
(253, 21, 'POSSESS GLASS BOTTLE IN RESTRICTED AREA', 'PRR 1-04 (D)'),
(254, 21, 'POSSESS METAL DETECTOR WHERE NOT AUTHORIZED', 'PRR 1-04(B)'),
(255, 21, 'REMAIN IN EXCLUSIVE AREA (ADULT WITHOUT CHILD UNDER 12)', 'PRR 1-05 (S)(1)'),
(256, 21, 'REMAIN IN PARK BETWEEN 1:00 A.M. AND 6:00 A.M. OR AFTER POSTED OPEN HOURS (I.E. AFTER DUSK)', 'PRR 1-03 (A)(1)'),
(257, 21, 'REMAIN IN PARK WHEN CLOSED TO THE PUBLIC', 'PRR 1-03 (A)(3)'),
(258, 21, 'ROLLERBLADE IN RECKLESS MANNER', 'PRR 1-05(U)'),
(259, 21, 'ROLLER-SKATE OR SKATEBOARD IN NON-DESIGNATED AREA', 'PRR 1-05[R]'),
(260, 21, 'SECOND HAND AUTO PARTS DEALER (W/O LICENSE)', 'AC 20-265(A)'),
(261, 21, 'SKI/SLED IN NON-DESIGNATED AREA', 'PRR 1-05[R]'),
(262, 21, 'SPITTING', 'PRR 1-04 (Q)'),
(263, 21, 'STORE LEAVE PERSONAL PROPERTY IN PARK', 'PRR 1-04[C]'),
(264, 21, 'STORE OR LEAVE PERSONAL PROPERTY IN PARK', 'PRR 1-04 (C)(4)'),
(265, 21, 'UNLEASHED ANIMAL', 'PRR 1-04 (I)'),
(266, 21, 'UNLICENSED SECOND HAND DEALER', 'AC 20-264'),
(267, 21, 'UNREGISTERED AUTO DEALER', 'AC 415(3)'),
(268, 21, 'URINATE / DEFECATE', 'PRR 1-04 (K)'),
(269, 22, 'ASSIST IN PARKING', 'TR 4-04 (E)(3)'),
(270, 22, 'CLEAN, WASH, OFFER TO WASH PASSENGER VEHICLE IN ROADWAY', 'TR 4-04(E)(3)'),
(271, 22, 'CROSS/ENTER ROADWAY IN VIOLATION OF FLASHING "DON\'T WALK" ', 'TR 4-03[C](2)'),
(272, 22, 'CROSS/ENTER ROADWAY IN VIOLATION OF STEADY "DON\'T WALK" ', 'TR 4-03[C](3)'),
(273, 22, 'CROSSING ROADWAY AT AN INTERSECTION OUTSIDE CROSSWALK', 'TR 4-04 (C)(2)'),
(274, 22, 'CROSSING ROADWAY AT ANY POINT WHERE PROHIBITED. ', 'TR 4-04 (C)(1)'),
(275, 22, 'CROSSING ROADWAY OUTSIDE CROSSWALK', 'TR 4-04 (C)(3)'),
(276, 22, 'ENTER/CROSS ROADWAY IN VIOLATION OF SIGN OR BARRIER', 'TR 4-04[C](1)'),
(277, 22, 'HITCH-HIKING, SOLICIT RIDE BY WORD OR GESTURE', 'TR 4-04(E)(2)'),
(278, 22, 'OFFER TO WASH, POLISH, OR CLEAN VEHICLE', 'TR 4-04 (E)(3)'),
(279, 22, 'OFFER/SOLICIT ANY SERVICE WITH EXPECTATION OF GRATUITY', 'TR 4-04(E)(4)'),
(280, 22, 'OPEN OR CLOSE VEHICLE DOORS TO SOLICIT GRATUITIES', 'TR 4-04 (E)(4)'),
(281, 22, 'PEDESTRIAN ON HIGHWAY, PARKWAY, EXPRESSWAY', 'TR 4-12(O)(1)'),
(282, 22, 'SOLICIT RIDE FROM VEHICLE OCCUPANT (HITCH-HIKING)', 'TR 4-04 (E)(2)'),
(283, 22, 'SOLICIT/TALK/SELL/OFFER ANYTHING TO OR FROM VEHICLE OCCUPANT', 'TR 4-04(E)(1)'),
(284, 22, 'STAND IN ROADWAY TO TALK WITH OR SELL TO A VEHICLE OCCUPANT', 'TR 4-04 (E)(1)'),
(285, 22, 'UNAUTHORIZED POSSESSION OF HANDCUFFS. ', 'AC 10-147 (A)'),
(286, 22, 'WALK OR RUN INTO PATH OF ONCOMING VEHICLE', 'TR 4-04 (B)(2)'),
(287, 22, 'WALK/RUN INTO PATH OF ONCOMING VEHICLE', 'TR 4-04(B)(2)'),
(288, 23, 'ADVERTISE UNLAWFULLY', 'PL 145.30(1)'),
(289, 23, 'UNLAWFUL POSTING OF SIGN OR PRINTED MATERIAL IN PUBLIC PLACE', 'AC 10-119 (A)'),
(290, 23, 'UNLAWFUL POSTING OF SIGNS/ADS', 'AC 10-119'),
(291, 23, 'UNLAWFUL REMOVAL OF OFFICIAL NOTICE/SIGN/PRINTED MATERIAL', 'AC 10-120'),
(292, 24, 'CAUSE/RISK WATER POLLUTION', 'PRR 1-05(P)'),
(293, 24, 'CLEAN/WASH IN PARK, LAKE OR SPRINKLER', 'PRR 1-04(Q)'),
(294, 24, 'ENGAGE IN ANY FORM OF SEXUAL ACTIVITY', 'AC 17-201'),
(295, 24, 'EXCAVATION WITHOUT PERMIT', 'PRR 1-05(P)'),
(296, 24, 'EXCLUSIVE AREA-ADULTS MUST BE ACCOMPANIED BY CHILD UNDER 12', 'PRR 1-05(S)(1)'),
(297, 24, 'FAIL TO COMPLY WITH PARK EMPLOYEE OR POLICE', 'PRR 1-03[C]'),
(298, 24, 'INJURE TREES/SHRUBS', 'PRR 1-04(B)'),
(299, 24, 'LITTERING', 'AC 16-118(1)'),
(300, 24, 'LITTERING FROM VEHICLE', 'AC 16-118(4)'),
(301, 24, 'LITTERING IN PARK', 'PRR 104[C](1)'),
(302, 24, 'LOITERING FOR SEXUAL ACTIVITY', 'PRR 1-04(L)'),
(303, 24, 'OPERATE M/V ON UNAUTHORIZED ROAD', 'PRR 1-05(N)'),
(304, 24, 'PARK M/V IN PARK', 'PRR 1-05(N)'),
(305, 24, 'PUBLIC EXPOSURE', 'PL 245.01'),
(306, 24, 'SPITTING IN PARK', 'PRR 104(P)'),
(307, 24, 'SPITTING IN PUBLIC', 'HC 181.03'),
(308, 24, 'UNAUTHORIZED FISHING', 'PRR 1-05(H)'),
(309, 24, 'UNHYGIENIC USE OF POOL OR FOUNTAIN', 'PRR 1-04(Q)'),
(310, 24, 'URINATING IN PARK', 'PRR 104(K)'),
(311, 24, 'URINATING IN PUBLIC', 'AC 16-118(6)'),
(312, 24, 'URINATION/DEFECATING IN PUBLIC', 'HC 153.09'),
(313, 24, 'VIOLATE STATE/FEDERAL FISHING REGS', 'PRR 1-05(H)'),
(314, 24, 'WASH CLOTHING/BELONGINGS IN BATHROOM/SHOWER', 'PRR 1-04(Q)'),
(315, 25, 'FAIL TO BUNDLE NEWSPAPERS', 'AC 16-120(D)'),
(316, 25, 'FAIL TO REMOVE RECEPTACLES FROM STREET AFTER COLLECTION', 'AC 16-120[C]'),
(317, 25, 'IMPROPER DISPOSAL OF NON-MEDICAL WASTE ', 'AC 16-120(A)'),
(318, 25, 'IMPROPER/BROKEN/INSUFFICIENT RECEPTACLES', 'AC 16-120(A)'),
(319, 25, 'INTERFERE WITH DSNY EMPLOYEE', 'AC 16-118(7A)'),
(320, 25, 'LITTERING FROM VEHICLE', 'AC 16-118(4)'),
(321, 25, 'LITTERING/ SWEEPING OUT INTO STREET', 'AC 16-118(1)'),
(322, 25, 'OBSTRUCT STREET WITH VEHICLE', 'AC 16-122[C]'),
(323, 25, 'SIDEWALK OBSTRUCTED WITH REFUSE/DIRTY SIDEWALK', 'AC 16-118(2)'),
(324, 25, 'SNOW/ICE CONDITION ON SIDEWALK', 'AC 16-123'),
(325, 26, 'OBSTRUCT VEHICULAR OR PEDESTRIAN TRAFFIC (DISCON)', 'PL 240.20(5)'),
(326, 26, 'OPERATE WITHOUT PROPER LAMPS', 'TR 4-09 (B2)'),
(327, 26, 'PARK OR OPERATE ON SIDEWALK', 'TR 4-07(C3II)'),
(328, 27, 'FAIL TO POST \"NO SMOKING\" SIGN(S) WHERE REQUIRED', 'AC 17-506 (A)'),
(329, 27, 'MOVIE THEATER FAILS TO SHOW NO SMOKING AD ON SCREEN', 'AC 17-506(B)'),
(330, 27, 'OWNER/MANAGER FAILS TO POST NO SMOKING SIGNS', 'AC 17-506'),
(331, 27, 'OWNER/MANAGER FAILS TO REMOVE ASHTRAYS', 'AC 17-506(D)'),
(332, 27, 'OWNER/MANAGER PROVIDES PROHIBITED DESIGNATED SMOKING AREA', 'AC 17-508(A)(1)'),
(333, 27, 'SALE OF LOOSE CIGARETTES', 'AC 17-618'),
(334, 27, 'SALE OF TOBACCO PRODUCTS TO MINOR (UNDER 18)', 'AC 17-620'),
(335, 27, 'SMOKING IN A PLAYGROUND', 'AC 17-503 (C)(5)'),
(336, 27, 'SMOKING IN AN ELEVATOR', 'AC 17-503(A)(18)'),
(337, 27, 'SMOKING IN ANY COMPANY CAR OCCUPIED BY MORE THAN ONE PERSON', 'AC 17-504(C)'),
(338, 27, 'SMOKING IN ANY INDOOR PUBLIC SPACE (BAR/THEATRE/RESTAURANT)', 'AC 17-503(A)'),
(339, 27, 'SMOKING IN ANY PRIVATE PLACE OF BUSINESS', 'AC 17-504(A)'),
(340, 27, 'SMOKING IN ENCLOSED AREA OPEN TO THE PUBLIC', 'AC 17-503 (A)'),
(341, 27, 'SMOKING IN OUTDOOR PORTION OF RESTAURANT/BAR', 'AC 17-503[C]'),
(342, 27, 'SMOKING IN PUBLIC TRANSPORTATION AREA OR FACILITY', 'AC 17-503 (A)(1)'),
(343, 27, 'SMOKING INSIDE RETAIL STORE', 'AC 27-4274'),
(344, 27, 'SMOKING ON SUBWAY, BUS, VAN, TAXICAB, OR ANY FOR-HIRE VEHICLE', 'AC 17-503 (A)(2)'),
(345, 27, 'SMOKING WHERE COMBUSTIBLE MATERIALS PRESENT (I.E. GAS STATION)', 'AC 27-4008'),
(346, 27, 'UNLICENSED SALE OF CIGARETTES', 'AC 17-617.1'),
(347, 28, 'ADDRESS NOT DISPLAYED OUTSIDE', 'AC 3-505'),
(348, 28, 'DOING BUSINESS UNDER NAME OTHER THAN THAT ON LICENSE', 'GBL 130.1'),
(349, 28, 'FAIL TO DISPLAY CERTIFICATE OF AUTHORITY', 'TAX LAW 1145(A4)'),
(350, 28, 'FAIL TO DISPLAY VALID BUSINESS CERTIFICATE', 'GBL 130.4'),
(351, 28, 'FALSE LABELS ON MERCHANDISE', 'GBL 392(B1)'),
(352, 28, 'NO CERTIFICATE OF AUTHORITY', 'TAX LAW 1817(D)'),
(353, 28, 'NO CERTIFICATE OF OCCUPANCY', 'AC 27-222'),
(354, 28, 'NO DISPLAY OF RETAIL SERVICE PRICES', 'AC 20-750'),
(355, 28, 'NO SMOKING SIGN NOT POSTED', 'P.H.L. 1399(P)'),
(356, 28, 'POSSESSION OR SALE OF DRUG RELATED PARAPHERNALIA (ARREST)', 'GBL 851'),
(357, 28, 'SELL CARBONATED BEVERAGES W/O 5 CENT DEPOSIT', 'ECL 27.1011'),
(358, 28, 'SELL SPRAY PAINT OR BROAD TIPPED MARKERS TO PERSON UNDER 18', 'AC 10-117[C]'),
(359, 28, 'SPRAY PAINT/BROAD TIPPED MARKERS ON DISPLAY (NOT IN LOCKED CASE)', 'AC 10-117(D)'),
(360, 29, 'DCA MEDALLION MISSING/NOT DISPLAYED', 'AC 20-503'),
(361, 29, 'ENGAGE IN TOWING BUSINESS W/O LICENSE', 'AC 20-496(A)'),
(362, 29, 'ESTIMATE COST OF REPAIR AT SCENE (OR OFFER TO ESTIMATE COST)', 'AC 20-515(D)'),
(363, 29, 'EXCEED AUTHORIZED TOWING RATES', 'AC 20-509(A)'),
(364, 29, 'LICENSE (DCA) MEDALLION NOT SECURELY AFFIXED TO TOW TRUCK', 'AC 20-503'),
(365, 29, 'OPERATE TOW TRUCK W/ RECKLESS REGARD TO LIFE OR PROPERTY', 'AC 20-504(B)'),
(366, 29, 'OPERATE W/O TOW OPERATOR\'S LICENSE', 'AC 20-496(B)'),
(367, 29, 'POLICE RATIO IN TOW TRUCK', 'AC 20-515(A)'),
(368, 29, 'RATES/INFO NOT DISPLAYED ON TRUCK', 'AC 20-507(B)'),
(369, 29, 'REFUSE TO TOW VEHICLE OBSTRUCTING TRAFFIC', 'AC 20-511'),
(370, 29, 'SOLICITING TOW AT SCENE', 'AC 20-515(B)'),
(371, 29, 'TOW STOLEN/ABANDONED OR EVIDENCE VEHICLE WITHOUT NYPD AUTHORITY', 'AC 20-519(B3)'),
(372, 29, 'TOW WITHOUT SIGNED AUTHORIZATION OF VEHICLE OWNER OR POLICE OFFICE', 'AC 20-510'),
(373, 29, 'UNAPPROVED TOW TRUCK', 'AC 20-510[C]'),
(374, 29, 'UNAUTHORIZED TOW TRUCK ON HIGHWAY/PARKWAY/BRIDGE', 'AC 20-520'),
(375, 29, 'UNINSURED TOW TRUCK', 'AC 20-500(A)'),
(376, 29, 'UNJUSTIFIED REFUSAL TO TOW TO NYC LOCATION', 'AC 20-512'),
(377, 29, 'UNSOLICITED RESPONSE TO ACCIDENT SCENE', 'AC 20-518( B2)'),
(378, 30, 'PUBLIC EXPOSURE', 'PL 245.01'),
(379, 30, 'PUBLIC URINATION OR DEFECATION', 'AC 16-118(6)  HC 153.09'),
(380, 30, 'PUBLIC URINATION OR DEFECATION IN NYC PARK', 'PRR 1-04 (K)'),
(381, 31, 'ABANDON VEHICLE', 'AC 16-122(E)'),
(382, 31, 'COMMERCIAL VEHICLE - NAME/ADDRESS NOT DISPLAYED', 'AC 10-127'),
(383, 31, 'ENGINE ON - IDLING OVER 3 MINUTES', 'AC 10-111'),
(384, 31, 'RACING WITHOUT A PERMIT', 'AC 10-110(A)'),
(385, 31, 'SALE OF VEHICLE TO UNLICENSED MINOR', 'AC 10-146'),
(386, 31, 'STRIP/DISMANTLE VEHICLE (W/ SANITATION STICKER)', 'AC 16-122(F)'),
(387, 32, 'CRIMINAL SOLICITATION (IN PO\'S PRESENCE)', 'PL 100'),
(388, 32, 'POSSESS, USE, EXPLODE OR CAUSE TO EXPLODE ANY FIREWORKS', 'PL 270.00(B)'),
(389, 32, 'TRESPASS', 'PL 140.05'),
(390, 32, 'TRESPASSING (VIOLATION) (IN PO\'S PRESENCE)', 'PL 140.05'),
(391, 32, 'UNLAWFUL POSSESSION OF MARIJUANA', 'PL 221.05'),
(392, 32, 'UNLAWFUL POSTING OF ADVERTISEMENTS', 'PL 145.30'),
(393, 33, 'AIR PISTOL/RIFLE-SELL OR USE', 'AC 10-131(B)'),
(394, 33, 'DIRTY/OBSTRUCT SIDEWALK WITH TRASH', 'HC 153.19(A)'),
(395, 33, 'DISCHARGE FIREARM IN NYC', 'AC 10-131[C]'),
(396, 33, 'IMITATION (TOY) PISTOL-SELL OR USE', 'AC 10-131(G)'),
(397, 33, 'PARK M/V IN VACANT LOT', 'AC 10-113'),
(398, 33, 'POLICE SCANNER/RADIO IN VEHICLE', 'AC 10-102(A)'),
(399, 33, 'SELL HUNTING ARROWS TO A MINOR (UNDER 16)', 'AC 10-132(A)'),
(400, 33, 'UNLAWFUL EVICTION', 'AC 26-521'),
(401, 33, 'UNLAWFUL POSSESSION OF HANDCUFFS (MUST CONFISCATE & VOUCHER)', 'AC 10-147(A)'),
(402, 33, 'UNLAWFUL POSSESSION OF MACE/TEAR GAS', 'AC 10-131(E)'),
(403, 33, 'UNLAWFUL POSSESSION OF POLICE PRESS CARD', 'AC 14-108(6)'),
(404, 33, 'UNLICENSED GUNSMITH', 'AC 10-302(A)'),
(405, 33, 'UNLICENSED SIDEWALK CAFÉ', 'AC 20-224'),
(406, 33, 'UNLICENSED STREET ENTERTAINER ', 'AC 10-114(A)'),
(407, 33, 'USE OF CELL PHONE IN ANY PLACE OF PUBLIC PERFORMANCE (THEATER)', 'AC 24-218.1(B)'),
(408, 33, 'USE/POSSESS OR WEAR POLICE EMBLEM', 'AC 14-107'),
(409, 34, 'CART AGAINST OR LEANING ON BUILDING', 'AC 20-465(C)'),
(410, 34, 'DISPLAY MERCHANDISE ON SIDEWALK OR IMPROPER STAND', 'AC 20-465(N)'),
(411, 34, 'FAIL TO CARRY / EXHIBIT LICENSE ON DEMAND', 'AC 20-461(A)'),
(412, 34, 'FAIL TO CARRY LICENSE OR EXHIBIT LICENSE UPON DEMAND', 'AC 10-461 (A)'),
(413, 34, 'FAIL TO DISPLAY FOOD LICENSE', 'AC 17-311'),
(414, 34, 'FAIL TO DISPLAY PRICES', 'AC REG. 8B'),
(415, 34, 'FAIL TO HAVE ALL TIMES UNDER EXCEPT WASTE', 'AC 17-315 ( C)'),
(416, 34, 'FAIL TO OFFER RECEIPT', 'AC REG. 8C'),
(417, 34, 'FAIL TO WEAR LICENSE CONSPICUOUSLY WHILE OPERATING AS VENDOR', 'AC 10-461 (B)'),
(418, 34, 'FAIL TO WEAR LICENSE WHILE VENDING', 'AC 20-461(B)'),
(419, 34, 'IMPEDING PEDESTRIAN TRAFFIC (DISCON)', 'PL 240-20(5)'),
(420, 34, 'LESS THAN 12\' SIDEWALK SPACE', 'AC 20-465(A)'),
(421, 34, 'LESS THAN 12\' SIDEWALK SPACE', 'AC 17-315(A)'),
(422, 34, 'LOCATE VENDING STAND AGAINST DISPLAY WINDOWS OF BUSINESS', 'AC 20-465 (D)'),
(423, 34, 'LOCATE WITHIN BUS STOP OR WITHIN 10 FEET OF DRIVEWAY, SUBWAY ENTRANCE, OR STREET CORNER', 'AC 20-465 (E)'),
(424, 34, 'NO DEPARTMENT OF PARKS PROP. WITHOUT AUTHORIZATION', 'AC 17-315(I)'),
(425, 34, 'NO PERMIT ON FOOD CART/STAND', 'AC 17-307(B)'),
(426, 34, 'NOTICE OF MOVE EXIGENT CIRCUMSTANCE', 'AC 17-315(J)'),
(427, 34, 'OVERSIZED VENDOR CARD (EXCEEDS 8\' X 3\')', 'AC 20-465(B)'),
(428, 34, 'PEDDLING IN A PROHIBITED AREA', 'AC 20-465(G)'),
(429, 34, 'PEDDLING WHERE PARKING PROHIBITED', 'AC 17-315 (F)'),
(430, 34, 'SELL FROM ROADWAY', 'VTL 1157 (A)'),
(431, 34, 'SELL IN BUS STOP', 'AC 17-315(E)'),
(432, 34, 'SELL IN BUS STOP OR TAXI STAND', 'AC 20-465(E)'),
(433, 34, 'SELL IN NYC PARK WITHOUT PARKS DEPARTMENT APPROVAL', 'AC 20-465(J)'),
(434, 34, 'SELL NEAR FIRE HYDRANT', 'AC REG. 5C'),
(435, 34, 'SELL WITHIN 10\' FEET OF SUBWAY', 'AC 17-315(E)'),
(436, 34, 'SELL WITHIN 10\' OF CROSSWALK OR DRIVEWAY', 'AC 20-465(E)'),
(437, 34, 'SELL WITHIN 10\' OF CROSSWALK/DRIVEWAY/BUSTOP', 'AC 17-315(E)'),
(438, 34, 'SELL WITHIN 20\' OF STORE ENTRANCE OR AGAINST STORE WINDOW DISPLAY', 'AC 20-465(D)'),
(439, 34, 'SELL WITHIN 20\' OF STORE ENTRANCE OR AGAINST WINDOW DISPLAY', 'AC 17-315(D)'),
(440, 34, 'SOLICIT OCCUPANT OF VEHICLE WITH MERCHANDISE FOR SALE', 'TR 4-04(E1)'),
(441, 34, 'SOLICITATION OF PEDESTRIANS BY MERCHANT', 'AC 10-115(A)'),
(442, 34, 'TRANSFER OF FOOD TO UNLICENSED VENDOR FOR RESALE', 'AC 17-316'),
(443, 34, 'UNLICENSED FOOD VENDOR', 'AC 17-307(A)'),
(444, 34, 'UNLICENSED GENERAL VENDOR', 'AC 20-453'),
(445, 34, 'UNLICENSED MOBILE VENDOR', 'HC 89.03'),
(446, 34, 'VEHICLE LEANING / TOUCHING AGAINST BUILDING/STRUCTURE', 'AC 17-135(B)'),
(447, 34, 'VEND DIRECTLY FROM PARKED OR DOUBLE PARKED MOTOR VEHICLE', 'AC 20-465 (O)'),
(448, 34, 'VEND OVER VENTILATION GRILL, CELLAR DOOR, MANHOLE, OR SUBWAY ACCESS GRATING', 'AC 20-465 (M)'),
(449, 34, 'VEND USING SURFACE OF SIDEWALK, ON TOP OF TRASH RECEPTACLE OR CARDBOARD BOXES (NO PROPER STAND OR TABLE)', 'AC 20-465 (N)'),
(450, 34, 'VEND WITHIN 10 FEET OF ENTRANCE OR EXIT TO BUILDING WHICH IS EXCLUSIVELY RESIDENTIAL AT THE STREET LEVEL', 'AC 20-465 (Q)(3)'),
(451, 34, 'VEND WITHIN 20 FEET OF BUILDING OR STORE ENTRANCE', 'AC 20-465 (D)'),
(452, 34, 'VEND WITHIN 20 FEET OF SIDEWALK CAFÉ', 'AC 20-465 (Q)(1)'),
(453, 34, 'VEND WITHIN 5 FEET OF BUS SHELTER, NEWSSTAND, PUBLIC TELEPHONE, OR DISABLED ACCESS RAMP', 'AC 20-465 (Q)(2)'),
(454, 34, 'VEND WITHIN NYC PARK WITHOUT WRITTEN AUTHORIZATION', 'AC 20-465 (J)'),
(455, 34, 'VENDING AT TIME / PLACE PROHIBITED', 'AC 17-315(K)'),
(456, 34, 'VENDING FROM PARKED MOTOR VEHICLE', 'AC 20-465(O)'),
(457, 34, 'VENDING OVER MANHOLE COVER, SUBWAY GRATING, OR CELLAR DOOR', 'AC 20-465(M)'),
(458, 35, 'FAIL TO DISPLAY LICENSEE NAME AND NUMBER ON EXTERIOR OF STORE', 'ABC 105'),
(459, 35, 'NO PRICE LIST DISPLAYED', 'ABC 105(10A)'),
(460, 35, 'OPEN BOTTLE INSIDE LIQUOR STORE', 'ABC 105(11)'),
(461, 35, 'PRICE OF ITEMS NOT DESIGNATED', 'ABC 105(20A)'),
(462, 35, 'VIEW INTO STORE OBSTRUCTED', 'ABC 105(10B)'),
(463, 36, 'DRINKING ALCOHOL/ OPEN ALCOHOL', '1050.7(C)'),
(464, 36, 'HAZARDOUS CONDITION', '1050.7 (K)'),
(465, 36, 'LITTERING/SPITTING/URINATING - $50.00', '1050.7(A)'),
(466, 36, 'LYING DOWN/OCCUPYING MORE THAN ONE SEAT', '1050.7 (J)'),
(467, 36, 'SMOKING', '1050.7(B)'),
(468, 36, 'UNAUTHORIZED SALE OF GOODS - $50.00', '1050.6(B)'),
(469, 36, 'UNAUTHORIZED SOUND PRODUCTION DEVICE (RADIO) - $50.00', '1050.7(E)'),
(470, 36, 'UNSAFE RIDING- $100.00', '1050.7(K)'),
(471, 36, 'ANIMAL NOT IN CONTAINER', 'I05P.9 (H)'),
(472, 36, 'ENTER RESTRICTED AREA 1050.9 (A)', '1050.9 (A)'),
(473, 36, 'BREACH OF PEACE', '1050.7 ( I )'),
(474, 36, 'PANHANDLING OR BEGGING', '1050.6 (B)'),
(475, 36, 'DISOBEY LAWFUL ORDER', '1050.6 (D)'),
(476, 36, 'FAILURE TO PROVIDE ID UPON REQUEST', '1050.69(D) 3'),
(477, 37, '', '');

--
-- Indexes for dumped tables
--

--
-- Indexes for table `arrest_complaint_category`
--
ALTER TABLE `arrest_complaint_category`
  ADD PRIMARY KEY (`id`);

--
-- Indexes for table `arrest_complaint_details`
--
ALTER TABLE `arrest_complaint_details`
  ADD PRIMARY KEY (`id`);

--
-- Indexes for table `arrest_complaint_transit_details`
--
ALTER TABLE `arrest_complaint_transit_details`
  ADD PRIMARY KEY (`id`);

--
-- Indexes for table `oath_details`
--
ALTER TABLE `oath_details`
  ADD PRIMARY KEY (`id`);

--
-- Indexes for table `summons_category`
--
ALTER TABLE `summons_category`
  ADD PRIMARY KEY (`id`);

--
-- Indexes for table `summons_details`
--
ALTER TABLE `summons_details`
  ADD PRIMARY KEY (`id`),
  ADD KEY `summons_category` (`summons_category_id`);

--
-- AUTO_INCREMENT for dumped tables
--

--
-- AUTO_INCREMENT for table `arrest_complaint_category`
--
ALTER TABLE `arrest_complaint_category`
  MODIFY `id` int(11) NOT NULL AUTO_INCREMENT, AUTO_INCREMENT=22;

--
-- AUTO_INCREMENT for table `arrest_complaint_details`
--
ALTER TABLE `arrest_complaint_details`
  MODIFY `id` int(11) NOT NULL AUTO_INCREMENT, AUTO_INCREMENT=25;

--
-- AUTO_INCREMENT for table `arrest_complaint_transit_details`
--
ALTER TABLE `arrest_complaint_transit_details`
  MODIFY `id` int(11) NOT NULL AUTO_INCREMENT, AUTO_INCREMENT=16;

--
-- AUTO_INCREMENT for table `oath_details`
--
ALTER TABLE `oath_details`
  MODIFY `id` int(11) NOT NULL AUTO_INCREMENT, AUTO_INCREMENT=411;

--
-- AUTO_INCREMENT for table `summons_category`
--
ALTER TABLE `summons_category`
  MODIFY `id` int(11) NOT NULL AUTO_INCREMENT, AUTO_INCREMENT=39;

--
-- AUTO_INCREMENT for table `summons_details`
--
ALTER TABLE `summons_details`
  MODIFY `id` int(11) NOT NULL AUTO_INCREMENT, AUTO_INCREMENT=478;

--
-- Constraints for dumped tables
--

--
-- Constraints for table `summons_details`
--
ALTER TABLE `summons_details`
  ADD CONSTRAINT `summons_details_ibfk_1` FOREIGN KEY (`summons_category_id`) REFERENCES `summons_category` (`id`);
COMMIT;

/*!40101 SET CHARACTER_SET_CLIENT=@OLD_CHARACTER_SET_CLIENT */;
/*!40101 SET CHARACTER_SET_RESULTS=@OLD_CHARACTER_SET_RESULTS */;
/*!40101 SET COLLATION_CONNECTION=@OLD_COLLATION_CONNECTION */;
